County,State,Mask Mandate,Case per 100k,Case Increase,Death Increase,Positivity Rate
County,,,,,,
"Wayne County, MI",,,,,,
"Miami-Dade County, FL",,,,,,
"Cook County, IL",,,,,,
"Kings County, NY",,,,,,
"Queens County, NY",,,,,,
"Oakland County, MI",,,,,,
"Macomb County, MI",,,,,,
"Broward County, FL",,,,,,
"Suffolk County, NY",,,,,,
"Nassau County, NY",,,,,,
"Bronx County, NY",,,,,,
"Philadelphia County, PA",,,,,,
"New York County, NY",,,,,,
"Los Angeles County, CA",,,,,,
"Harris County, TX",,,,,,
"Erie County, NY",,,,,,
"Hennepin County, MN",,,,,,
"Bergen County, NJ",,,,,,
"Essex County, NJ",,,,,,
"Hillsborough County, FL",,,,,,
"Allegheny County, PA",,,,,,
"Orange County, FL",,,,,,
"Middlesex County, MA",,,,,,
"Bexar County, TX",,,,,,
"Palm Beach County, FL",,,,,,
"Middlesex County, NJ",,,,,,
"Maricopa County, AZ",,,,,,
"Kent County, MI",,,,,,
"Westchester County, NY",,,,,,
"Hudson County, NJ",,,,,,
"New Haven County, CT",,,,,,
"Genesee County, MI",,,,,,
"King County, WA",,,,,,
"Ocean County, NJ",,,,,,
"Fairfield County, CT",,,,,,
"Montgomery County, PA",,,,,,
"Richmond County, NY",,,,,,
"Monmouth County, NJ",,,,,,
"Cuyahoga County, OH",,,,,,
"San Diego County, CA",,,,,,
"Suffolk County, MA",,,,,,
"Bucks County, PA",,,,,,
"St. Clair County, MI",,,,,,
"Providence County, RI",,,,,,
"Passaic County, NJ",,,,,,
"Baltimore County, MD",,,,,,
"DuPage County, IL",,,,,,
"Franklin County, OH",,,,,,
"Union County, NJ",,,,,,
"Clark County, NV",,,,,,
"Essex County, MA",,,,,,
"Baltimore city, MD",,,,,,
"Pinellas County, FL",,,,,,
"Monroe County, NY",,,,,,
"Dallas County, TX",,,,,,
"El Paso County, CO",,,,,,
"Morris County, NJ",,,,,,
"Mecklenburg County, NC",,,,,,
"New Castle County, DE",,,,,,
"Unallocated, MA",,,,,,
"Unallocated, OK",,,,,,
"Ottawa County, MI",,,,,,
"Hartford County, CT",,,,,,
"Greenville County, SC",,,,,,
"Denver County, CO",,,,,,
"Delaware County, PA",,,,,,
"Sacramento County, CA",,,,,,
"Tarrant County, TX",,,,,,
"Camden County, NJ",,,,,,
"Berks County, PA",,,,,,
"Lee County, FL",,,,,,
"Pierce County, WA",,,,,,
"Riverside County, CA",,,,,,
"Lancaster County, PA",,,,,,
"Douglas County, NE",,,,,,
"Worcester County, MA",,,,,,
"Washtenaw County, MI",,,,,,
"Bristol County, MA",,,,,,
"Dakota County, MN",,,,,,
"Will County, IL",,,,,,
"Polk County, FL",,,,,,
"Prince George's County, MD",,,,,,
"Orange County, NY",,,,,,
"Burlington County, NJ",,,,,,
"Hampden County, MA",,,,,,
"Wake County, NC",,,,,,
"Anoka County, MN",,,,,,
"El Paso County, TX",,,,,,
"Kalamazoo County, MI",,,,,,
"Ingham County, MI",,,,,,
"San Bernardino County, CA",,,,,,
"Volusia County, FL",,,,,,
"Fairfax County, VA",,,,,,
"Northampton County, PA",,,,,,
"St. Louis County, MO",,,,,,
"Arapahoe County, CO",,,,,,
"Fulton County, GA",,,,,,
"York County, PA",,,,,,
"Norfolk County, MA",,,,,,
"Lehigh County, PA",,,,,,
"Orange County, CA",,,,,,
"Milwaukee County, WI",,,,,,
"Marion County, IN",,,,,,
"Plymouth County, MA",,,,,,
"Jefferson County, CO",,,,,,
"Chester County, PA",,,,,,
"Kane County, IL",,,,,,
"Salt Lake County, UT",,,,,,
"Peoria County, IL",,,,,,
"Adams County, CO",,,,,,
"Jackson County, MI",,,,,,
"Rockland County, NY",,,,,,
"Ramsey County, MN",,,,,,
"Lake County, IL",,,,,,
"Livingston County, MI",,,,,,
"Pasco County, FL",,,,,,
"Hillsborough County, NH",,,,,,
"Cobb County, GA",,,,,,
"Duval County, FL",,,,,,
"Osceola County, FL",,,,,,
"Santa Clara County, CA",,,,,,
"Douglas County, CO",,,,,,
"Westmoreland County, PA",,,,,,
"Somerset County, NJ",,,,,,
"Atlantic County, NJ",,,,,,
"District of Columbia, DC",,,,,,
"Anne Arundel County, MD",,,,,,
"Fort Bend County, TX",,,,,,
"Summit County, OH",,,,,,
"Davidson County, TN",,,,,,
"Dutchess County, NY",,,,,,
"Brevard County, FL",,,,,,
"Monroe County, MI",,,,,,
"Montgomery County, MD",,,,,,
"Gwinnett County, GA",,,,,,
"Sarasota County, FL",,,,,,
"DeKalb County, GA",,,,,,
"Seminole County, FL",,,,,,
"Hidalgo County, TX",,,,,,
"Lucas County, OH",,,,,,
"Larimer County, CO",,,,,,
"Gloucester County, NJ",,,,,,
"Manatee County, FL",,,,,,
"Rockingham County, NH",,,,,,
"Saginaw County, MI",,,,,,
"Mercer County, NJ",,,,,,
"Luzerne County, PA",,,,,,
"Prince William County, VA",,,,,,
"Snohomish County, WA",,,,,,
"Travis County, TX",,,,,,
"Onondaga County, NY",,,,,,
"Hamilton County, OH",,,,,,
"Shelby County, TN",,,,,,
"Guilford County, NC",,,,,,
"St. Joseph County, IN",,,,,,
"Spartanburg County, SC",,,,,,
"Collier County, FL",,,,,,
"Sussex County, NJ",,,,,,
"Pima County, AZ",,,,,,
"Eaton County, MI",,,,,,
"Ada County, ID",,,,,,
"Alameda County, CA",,,,,,
"Stanislaus County, CA",,,,,,
"Lapeer County, MI",,,,,,
"Collin County, TX",,,,,,
"San Joaquin County, CA",,,,,,
"Niagara County, NY",,,,,,
"Fresno County, CA",,,,,,
"Weld County, CO",,,,,,
"Boulder County, CO",,,,,,
"Monroe County, PA",,,,,,
"Jefferson County, KY",,,,,,
"Harford County, MD",,,,,,
"Washington County, MN",,,,,,
"Montgomery County, TX",,,,,,
"Winnebago County, IL",,,,,,
"Dane County, WI",,,,,,
"Multnomah County, OR",,,,,,
"Polk County, IA",,,,,,
"Sarpy County, NE",,,,,,
"Virginia Beach city, VA",,,,,,
"Waukesha County, WI",,,,,,
"Lake County, FL",,,,,,
"Pinal County, AZ",,,,,,
"Spokane County, WA",,,,,,
"Jackson County, MO",,,,,,
"Calhoun County, MI",,,,,,
"Bay County, MI",,,,,,
"Tazewell County, IL",,,,,,
"Contra Costa County, CA",,,,,,
"Dauphin County, PA",,,,,,
"Charleston County, SC",,,,,,
"Denton County, TX",,,,,,
"Lackawanna County, PA",,,,,,
"Lake County, IN",,,,,,
"Wright County, MN",,,,,,
"Loudoun County, VA",,,,,,
"Montgomery County, OH",,,,,,
"Utah County, UT",,,,,,
"Anchorage Municipality, AK",,,,,,
"Henrico County, VA",,,,,,
"Scott County, MN",,,,,,
"Allen County, IN",,,,,,
"Washington County, PA",,,,,,
"York County, ME",,,,,,
"Muskegon County, MI",,,,,,
"Allegan County, MI",,,,,,
"Williamson County, TX",,,,,,
"Knox County, TN",,,,,,
"Cumberland County, ME",,,,,,
"Cass County, ND",,,,,,
"San Juan Municipio, PR",,,,,,
"Minnehaha County, SD",,,,,,
"Bernalillo County, NM",,,,,,
"Chesterfield County, VA",,,,,,
"Barnstable County, MA",,,,,,
"Shiawassee County, MI",,,,,,
"Honolulu County, HI",,,,,,
"Richland County, SC",,,,,,
"Ulster County, NY",,,,,,
"Rutherford County, TN",,,,,,
"Lenawee County, MI",,,,,,
"Centre County, PA",,,,,,
"McLean County, IL",,,,,,
"Kern County, CA",,,,,,
"St. Lucie County, FL",,,,,,
"Nueces County, TX",,,,,,
"York County, SC",,,,,,
"Chittenden County, VT",,,,,,
"Oklahoma County, OK",,,,,,
"Saratoga County, NY",,,,,,
"McHenry County, IL",,,,,,
"St. Charles County, MO",,,,,,
"Litchfield County, CT",,,,,,
"Isabella County, MI",,,,,,
"Butler County, PA",,,,,,
"Jefferson County, AL",,,,,,
"Tuscola County, MI",,,,,,
"Kent County, RI",,,,,,
"Lancaster County, NE",,,,,,
"Johnson County, KS",,,,,,
"Howard County, MD",,,,,,
"Kent County, DE",,,,,,
"Galveston County, TX",,,,,,
"Berrien County, MI",,,,,,
"Carver County, MN",,,,,,
"Stearns County, MN",,,,,,
"Hunterdon County, NJ",,,,,,
"Cameron County, TX",,,,,,
"Brazoria County, TX",,,,,,
"Lorain County, OH",,,,,,
"Albany County, NY",,,,,,
"Androscoggin County, ME",,,,,,
"Sherburne County, MN",,,,,,
"Scott County, IA",,,,,,
"Washington County, OR",,,,,,
"Clinton County, MI",,,,,,
"Davis County, UT",,,,,,
"Matanuska-Susitna Borough, AK",,,,,,
"Strafford County, NH",,,,,,
"Midland County, MI",,,,,,
"Clark County, WA",,,,,,
"Beaver County, PA",,,,,,
"Sanilac County, MI",,,,,,
"Durham County, NC",,,,,,
"St. Louis County, MN",,,,,,
"Horry County, SC",,,,,,
"Tippecanoe County, IN",,,,,,
"Lexington County, SC",,,,,,
"Kanawha County, WV",,,,,,
"Clackamas County, OR",,,,,,
"Cumberland County, NC",,,,,,
"Cumberland County, PA",,,,,,
"Hamilton County, IN",,,,,,
"Berkeley County, WV",,,,,,
"Gallatin County, MT",,,,,,
"Cabarrus County, NC",,,,,,
"Placer County, CA",,,,,,
"Yakima County, WA",,,,,,
"Montcalm County, MI",,,,,,
"Pueblo County, CO",,,,,,
"Marion County, FL",,,,,,
"Merced County, CA",,,,,,
"Cherokee County, GA",,,,,,
"Elkhart County, IN",,,,,,
"Hamilton County, TN",,,,,,
"San Mateo County, CA",,,,,,
"Grand Traverse County, MI",,,,,,
"Charlotte County, FL",,,,,,
"Tulsa County, OK",,,,,,
"Washoe County, NV",,,,,,
"Clayton County, GA",,,,,,
"Putnam County, NY",,,,,,
"Frederick County, MD",,,,,,
"Weber County, UT",,,,,,
"Norfolk city, VA",,,,,,
"Stark County, OH",,,,,,
"Forsyth County, NC",,,,,,
"Lake County, OH",,,,,,
"Jefferson County, MO",,,,,,
"Butler County, OH",,,,,,
"Franklin County, PA",,,,,,
"Huron County, MI",,,,,,
"Lycoming County, PA",,,,,,
"Hernando County, FL",,,,,,
"Sussex County, DE",,,,,,
"Bayamón Municipio, PR",,,,,,
"Montgomery County, TN",,,,,,
"Newport News city, VA",,,,,,
"Fayette County, PA",,,,,,
"Alachua County, FL",,,,,,
"New London County, CT",,,,,,
"Erie County, PA",,,,,,
"Schuylkill County, PA",,,,,,
"Chesapeake city, VA",,,,,,
"St. Johns County, FL",,,,,,
"Lebanon County, PA",,,,,,
"Sumner County, TN",,,,,,
"Richmond city, VA",,,,,,
"Merrimack County, NH",,,,,,
"Hays County, TX",,,,,,
"Warren County, NJ",,,,,,
"Middlesex County, CT",,,,,,
"Pickens County, SC",,,,,,
"Henry County, GA",,,,,,
"Johnston County, NC",,,,,,
"Calcasieu Parish, LA",,,,,,
"East Baton Rouge Parish, LA",,,,,,
"Washington County, TN",,,,,,
"San Francisco County, CA",,,,,,
"New Hanover County, NC",,,,,,
"Forsyth County, GA",,,,,,
"Mahoning County, OH",,,,,,
"Lane County, OR",,,,,,
"Champaign County, IL",,,,,,
"Porter County, IN",,,,,,
"Rensselaer County, NY",,,,,,
"Dorchester County, SC",,,,,,
"Arlington County, VA",,,,,,
"Sullivan County, TN",,,,,,
"Van Buren County, MI",,,,,,
"Broome County, NY",,,,,,
"Delaware County, OH",,,,,,
"Union County, NC",,,,,,
"Kennebec County, ME",,,,,,
"Unallocated, UT",,,,,,
"Ionia County, MI",,,,,,
"Chatham County, GA",,,,,,
"Raleigh County, WV",,,,,,
"St. Louis city, MO",,,,,,
"Cumberland County, NJ",,,,,,
"Crow Wing County, MN",,,,,,
"Cambria County, PA",,,,,,
"Jackson County, OR",,,,,,
"Solano County, CA",,,,,,
"Sangamon County, IL",,,,,,
"Outagamie County, WI",,,,,,
"Brown County, WI",,,,,,
"Maui County, HI",,,,,,
"Marion County, OR",,,,,,
"Williamson County, TN",,,,,,
"Warren County, OH",,,,,,
"Clearfield County, PA",,,,,,
"Sullivan County, NY",,,,,,
"Anderson County, SC",,,,,,
"Greene County, OH",,,,,,
"Washington County, MD",,,,,,
"Schenectady County, NY",,,,,,
"Barry County, MI",,,,,,
"Bonneville County, ID",,,,,,
"Adams County, PA",,,,,,
"Blair County, PA",,,,,,
"Trumbull County, OH",,,,,,
"Berkeley County, SC",,,,,,
"Carroll County, MD",,,,,,
"Leon County, FL",,,,,,
"Mecosta County, MI",,,,,,
"Rock County, WI",,,,,,
"Martin County, FL",,,,,,
"LaPorte County, IN",,,,,,
"Gaston County, NC",,,,,,
"Brazos County, TX",,,,,,
"Fayette County, KY",,,,,,
"Portage County, OH",,,,,,
"Cleveland County, OK",,,,,,
"Alamance County, NC",,,,,,
"Clay County, MN",,,,,,
"Madison County, IL",,,,,,
"Ontario County, NY",,,,,,
"Medina County, OH",,,,,,
"Bradford County, PA",,,,,,
"St. Croix County, WI",,,,,,
"Wood County, OH",,,,,,
"Berkshire County, MA",,,,,,
"Deschutes County, OR",,,,,,
"Canyon County, ID",,,,,,
"Carolina Municipio, PR",,,,,,
"Santa Barbara County, CA",,,,,,
"Tolland County, CT",,,,,,
"Alexandria city, VA",,,,,,
"Buncombe County, NC",,,,,,
"Newaygo County, MI",,,,,,
"Clark County, OH",,,,,,
"Fairfield County, OH",,,,,,
"Kitsap County, WA",,,,,,
"Rock Island County, IL",,,,,,
"St. Clair County, IL",,,,,,
"Charles County, MD",,,,,,
"Kendall County, IL",,,,,,
"Sedgwick County, KS",,,,,,
"Hendricks County, IN",,,,,,
"Cape May County, NJ",,,,,,
"Doña Ana County, NM",,,,,,
"Hampton city, VA",,,,,,
"Newport County, RI",,,,,,
"Comanche County, OK",,,,,,
"Imperial County, CA",,,,,,
"Stafford County, VA",,,,,,
"Whitman County, WA",,,,,,
"Benton County, WA",,,,,,
"Cowlitz County, WA",,,,,,
"Winnebago County, WI",,,,,,
"Hall County, GA",,,,,,
"Sonoma County, CA",,,,,,
"Oneida County, NY",,,,,,
"Hampshire County, MA",,,,,,
"Whiteside County, IL",,,,,,
"Hanover County, VA",,,,,,
"Bradley County, TN",,,,,,
"Escambia County, FL",,,,,,
"Johnson County, IA",,,,,,
"DeKalb County, IL",,,,,,
"Monroe County, IN",,,,,,
"Hockley County, TX",,,,,,
"Spotsylvania County, VA",,,,,,
"Lawrence County, PA",,,,,,
"Paulding County, GA",,,,,,
"Johnson County, IN",,,,,,
"Clay County, FL",,,,,,
"Racine County, WI",,,,,,
"Wexford County, MI",,,,,,
"Apache County, AZ",,,,,,
"San Luis Obispo County, CA",,,,,,
"Indian River County, FL",,,,,,
"Kankakee County, IL",,,,,,
"Gladwin County, MI",,,,,,
"Licking County, OH",,,,,,
"Wilson County, TN",,,,,,
"Ventura County, CA",,,,,,
"Dubuque County, IA",,,,,,
"Windham County, CT",,,,,,
"Madison County, AL",,,,,,
"Davidson County, NC",,,,,,
"Pottawattamie County, IA",,,,,,
"Richmond County, GA",,,,,,
"McLennan County, TX",,,,,,
"Blue Earth County, MN",,,,,,
"Jefferson Parish, LA",,,,,,
"Rowan County, NC",,,,,,
"Hutchinson County, TX",,,,,,
"Washington County, RI",,,,,,
"Laurens County, SC",,,,,,
"Benton County, MN",,,,,,
"Harnett County, NC",,,,,,
"Unallocated, MI",,,,,,
"Gratiot County, MI",,,,,,
"Rice County, MN",,,,,,
"Hancock County, OH",,,,,,
"Douglas County, GA",,,,,,
"Onslow County, NC",,,,,,
"Nash County, NC",,,,,,
"Whatcom County, WA",,,,,,
"Marquette County, MI",,,,,,
"Jefferson County, TX",,,,,,
"Highlands County, FL",,,,,,
"Isanti County, MN",,,,,,
"Carbon County, PA",,,,,,
"Gray County, TX",,,,,,
"Otsego County, MI",,,,,,
"Matagorda County, TX",,,,,,
"Randolph County, NC",,,,,,
"Iredell County, NC",,,,,,
"Pitt County, NC",,,,,,
"Thurston County, WA",,,,,,
"Augusta County, VA",,,,,,
"Kenosha County, WI",,,,,,
"Washington County, WI",,,,,,
"Grafton County, NH",,,,,,
"Northumberland County, PA",,,,,,
"Penobscot County, ME",,,,,,
"Bell County, TX",,,,,,
"Chautauqua County, NY",,,,,,
"Mason County, MI",,,,,,
"Surry County, NC",,,,,,
"Pulaski County, AR",,,,,,
"Citrus County, FL",,,,,,
"Coconino County, AZ",,,,,,
"Osceola County, MI",,,,,,
"DeSoto County, MS",,,,,,
"Mobile County, AL",,,,,,
"Iosco County, MI",,,,,,
"Maury County, TN",,,,,,
"Madison County, ID",,,,,,
"Steuben County, NY",,,,,,
"Richland County, OH",,,,,,
"Muscogee County, GA",,,,,,
"Woodbury County, IA",,,,,,
"Portsmouth city, VA",,,,,,
"Clermont County, OH",,,,,,
"St. Joseph County, MI",,,,,,
"Catawba County, NC",,,,,,
"Burleigh County, ND",,,,,,
"Olmsted County, MN",,,,,,
"Cecil County, MD",,,,,,
"Woodford County, IL",,,,,,
"Clinton County, NY",,,,,,
"Webb County, TX",,,,,,
"Pike County, PA",,,,,,
"Napa County, CA",,,,,,
"Ogle County, IL",,,,,,
"Oswego County, NY",,,,,,
"Toa Alta Municipio, PR",,,,,,
"Fulton County, IL",,,,,,
"Wayne County, NY",,,,,,
"Guadalupe County, TX",,,,,,
"Cass County, MI",,,,,,
"Wyoming County, PA",,,,,,
"Tuscaloosa County, AL",,,,,,
"LaSalle County, IL",,,,,,
"Salem County, NJ",,,,,,
"Bartow County, GA",,,,,,
"Orleans Parish, LA",,,,,,
"Klamath County, OR",,,,,,
"Marathon County, WI",,,,,,
"Caguas Municipio, PR",,,,,,
"Indiana County, PA",,,,,,
"Shawnee County, KS",,,,,,
"Eagle County, CO",,,,,,
"Chattahoochee County, GA",,,,,,
"Sheboygan County, WI",,,,,,
"Wyandotte County, KS",,,,,,
"Montgomery County, VA",,,,,,
"Flagler County, FL",,,,,,
"Walworth County, WI",,,,,,
"Washington County, AR",,,,,,
"Bristol County, RI",,,,,,
"Linn County, IA",,,,,,
"Tulare County, CA",,,,,,
"Frederick County, VA",,,,,,
"Hinds County, MS",,,,,,
"Mohave County, AZ",,,,,,
"Lafayette Parish, LA",,,,,,
"Montgomery County, AL",,,,,,
"Bossier Parish, LA",,,,,,
"Aiken County, SC",,,,,,
"La Plata County, CO",,,,,,
"Rutland County, VT",,,,,,
"Monroe County, FL",,,,,,
"Skagit County, WA",,,,,,
"Mercer County, PA",,,,,,
"Seward County, NE",,,,,,
"Emmet County, MI",,,,,,
"Summit County, CO",,,,,,
"Beaufort County, SC",,,,,,
"Vanderburgh County, IN",,,,,,
"Cheboygan County, MI",,,,,,
"Wayne County, OH",,,,,,
"Greene County, MO",,,,,,
"Liberty County, GA",,,,,,
"Missoula County, MT",,,,,,
"Grand Forks County, ND",,,,,,
"Fairbanks North Star Borough, AK",,,,,,
"Benton County, AR",,,,,,
"Armstrong County, PA",,,,,,
"Otter Tail County, MN",,,,,,
"Erie County, OH",,,,,,
"Cattaraugus County, NY",,,,,,
"Linn County, OR",,,,,,
"Macon County, IL",,,,,,
"San Juan County, NM",,,,,,
"Yuma County, AZ",,,,,,
"Genesee County, NY",,,,,,
"Oceana County, MI",,,,,,
"Morrison County, MN",,,,,,
"Franklin County, NC",,,,,,
"Lamb County, TX",,,,,,
"Oxford County, ME",,,,,,
"Clark County, IN",,,,,,
"Clare County, MI",,,,,,
"Oconee County, SC",,,,,,
"Orleans County, VT",,,,,,
"Sevier County, TN",,,,,,
"Greenwood County, SC",,,,,,
"Mille Lacs County, MN",,,,,,
"Warren County, KY",,,,,,
"El Dorado County, CA",,,,,,
"Ross County, OH",,,,,,
"Caddo Parish, LA",,,,,,
"Putnam County, WV",,,,,,
"Perry County, PA",,,,,,
"Suffolk city, VA",,,,,,
"Victoria County, TX",,,,,,
"Carroll County, GA",,,,,,
"Lincoln County, SD",,,,,,
"Sumter County, FL",,,,,,
"Bay County, FL",,,,,,
"Belknap County, NH",,,,,,
"Caldwell County, KY",,,,,,
"Wayne County, PA",,,,,,
"Albemarle County, VA",,,,,,
"Allen County, OH",,,,,,
"Kootenai County, ID",,,,,,
"Broomfield County, CO",,,,,,
"Whitfield County, GA",,,,,,
"Okaloosa County, FL",,,,,,
"Jefferson County, WV",,,,,,
"Sandoval County, NM",,,,,,
"Fauquier County, VA",,,,,,
"Douglas County, MN",,,,,,
"Laramie County, WY",,,,,,
"Shasta County, CA",,,,,,
"Columbia County, GA",,,,,,
"Autauga County, AL",,,,,,
"St. Lawrence County, NY",,,,,,
"Fulton County, NY",,,,,,
"Franklin County, VT",,,,,,
"Jefferson County, WI",,,,,,
"Otsego County, NY",,,,,,
"Blount County, TN",,,,,,
"Brunswick County, NC",,,,,,
"Hillsdale County, MI",,,,,,
"Carroll County, NH",,,,,,
"Union County, PA",,,,,,
"Madison County, IN",,,,,,
"Montgomery County, NY",,,,,,
"Santa Rosa County, FL",,,,,,
"Harrison County, WV",,,,,,
"Walker County, GA",,,,,,
"Monterey County, CA",,,,,,
"Dickson County, TN",,,,,,
"McLeod County, MN",,,,,,
"Lee County, IL",,,,,,
"Roanoke city, VA",,,,,,
"Branch County, MI",,,,,,
"Wilson County, NC",,,,,,
"Madison County, TN",,,,,,
"Fayette County, WV",,,,,,
"Lancaster County, SC",,,,,,
"Edgecombe County, NC",,,,,,
"Jefferson County, NY",,,,,,
"Houston County, GA",,,,,,
"Smith County, TX",,,,,,
"Hancock County, IN",,,,,,
"Chenango County, NY",,,,,,
"Chemung County, NY",,,,,,
"Jefferson County, OH",,,,,,
"Black Hawk County, IA",,,,,,
"Midland County, TX",,,,,,
"Comal County, TX",,,,,,
"Josephine County, OR",,,,,,
"Dimmit County, TX",,,,,,
"Lynchburg city, VA",,,,,,
"Greene County, TN",,,,,,
"Delaware County, NY",,,,,,
"Hawkins County, TN",,,,,,
"Newton County, GA",,,,,,
"Garfield County, CO",,,,,,
"Stephenson County, IL",,,,,,
"Cayuga County, NY",,,,,,
"Boone County, MO",,,,,,
"Story County, IA",,,,,,
"Carteret County, NC",,,,,,
"Rapides Parish, LA",,,,,,
"Columbia County, PA",,,,,,
"Antrim County, MI",,,,,,
"Tioga County, NY",,,,,,
"Somerset County, PA",,,,,,
"Cache County, UT",,,,,,
"Guaynabo Municipio, PR",,,,,,
"Clinton County, PA",,,,,,
"Cass County, MO",,,,,,
"St. Mary's County, MD",,,,,,
"Carroll County, VA",,,,,,
"Roanoke County, VA",,,,,,
"Yolo County, CA",,,,,,
"Chisago County, MN",,,,,,
"Catoosa County, GA",,,,,,
"Sampson County, NC",,,,,,
"Bibb County, GA",,,,,,
"Yellowstone County, MT",,,,,,
"Somerset County, ME",,,,,,
"Unallocated, PR",,,,,,
"Alpena County, MI",,,,,,
"Monongalia County, WV",,,,,,
"Brown County, MN",,,,,,
"Ashtabula County, OH",,,,,,
"Floyd County, GA",,,,,,
"Dukes County, MA",,,,,,
"Clarke County, GA",,,,,,
"Livingston Parish, LA",,,,,,
"Boone County, KY",,,,,,
"Nicollet County, MN",,,,,,
"Elk County, PA",,,,,,
"Susquehanna County, PA",,,,,,
"Carter County, TN",,,,,,
"Delta County, MI",,,,,,
"Kosciusko County, IN",,,,,,
"Itasca County, MN",,,,,,
"Belmont County, OH",,,,,,
"Cheshire County, NH",,,,,,
"Becker County, MN",,,,,,
"Ector County, TX",,,,,,
"Trujillo Alto Municipio, PR",,,,,,
"Toa Baja Municipio, PR",,,,,,
"Chippewa County, MI",,,,,,
"Polk County, OR",,,,,,
"Dunn County, WI",,,,,,
"Caledonia County, VT",,,,,,
"Vega Baja Municipio, PR",,,,,,
"Juncos Municipio, PR",,,,,,
"St. Tammany Parish, LA",,,,,,
"Butte County, CA",,,,,,
"Sumter County, SC",,,,,,
"Walton County, FL",,,,,,
"Bastrop County, TX",,,,,,
"Kenton County, KY",,,,,,
"Walton County, GA",,,,,,
"Franklin County, MO",,,,,,
"Kandiyohi County, MN",,,,,,
"Muskingum County, OH",,,,,,
"San Patricio County, TX",,,,,,
"Marin County, CA",,,,,,
"Henderson County, NC",,,,,,
"Columbiana County, OH",,,,,,
"Robertson County, TN",,,,,,
"Greene County, PA",,,,,,
"Sandusky County, OH",,,,,,
"Lincoln County, MO",,,,,,
"Bedford County, TN",,,,,,
"Cabell County, WV",,,,,,
"Boone County, IL",,,,,,
"Robeson County, NC",,,,,,
"Warren County, NY",,,,,,
"Franklin County, WA",,,,,,
"Rockdale County, GA",,,,,,
"Chambers County, TX",,,,,,
"Brookings County, SD",,,,,,
"Christian County, KY",,,,,,
"Miami County, OH",,,,,,
"Lubbock County, TX",,,,,,
"Dallas County, IA",,,,,,
"Wayne County, NC",,,,,,
"Orange County, NC",,,,,,
"Grundy County, IL",,,,,,
"Halifax County, NC",,,,,,
"Wicomico County, MD",,,,,,
"Nevada County, CA",,,,,,
"Henry County, IL",,,,,,
"Charlevoix County, MI",,,,,,
"Cleveland County, NC",,,,,,
"Canadian County, OK",,,,,,
"Ozaukee County, WI",,,,,,
"Cascade County, MT",,,,,,
"Whitley County, KY",,,,,,
"Ohio County, WV",,,,,,
"Cass County, NE",,,,,,
"Mesa County, CO",,,,,,
"Ponce Municipio, PR",,,,,,
"Johnson County, TX",,,,,,
"Roscommon County, MI",,,,,,
"Geauga County, OH",,,,,,
"Steele County, MN",,,,,,
"Boone County, IN",,,,,,
"Washington County, NY",,,,,,
"Daviess County, KY",,,,,,
"Harrison County, MS",,,,,,
"Goodhue County, MN",,,,,,
"Ottawa County, OH",,,,,,
"Laurel County, KY",,,,,,
"Cumberland County, TN",,,,,,
"Lincoln County, NC",,,,,,
"Cochise County, AZ",,,,,,
"Culpeper County, VA",,,,,,
"Lauderdale County, MS",,,,,,
"Twin Falls County, ID",,,,,,
"Kenai Peninsula Borough, AK",,,,,,
"Pennington County, SD",,,,,,
"Coweta County, GA",,,,,,
"York County, VA",,,,,,
"Douglas County, WI",,,,,,
"Madera County, CA",,,,,,
"Hawaii County, HI",,,,,,
"Beltrami County, MN",,,,,,
"Platte County, NE",,,,,,
"Randall County, TX",,,,,,
"La Crosse County, WI",,,,,,
"Wyoming County, NY",,,,,,
"Columbia County, OR",,,,,,
"Howard County, IN",,,,,,
"Madison County, NY",,,,,,
"Dickinson County, IA",,,,,,
"Andrews County, TX",,,,,,
"Burke County, NC",,,,,,
"Naranjito Municipio, PR",,,,,,
"Bingham County, ID",,,,,,
"Harrisonburg city, VA",,,,,,
"Athens County, OH",,,,,,
"Washington County, VA",,,,,,
"Petersburg city, VA",,,,,,
"Lowndes County, GA",,,,,,
"Tioga County, PA",,,,,,
"Orangeburg County, SC",,,,,,
"Missaukee County, MI",,,,,,
"Ascension Parish, LA",,,,,,
"Yavapai County, AZ",,,,,,
"Bannock County, ID",,,,,,
"Marshall County, AL",,,,,,
"Charlottesville city, VA",,,,,,
"Cherokee County, SC",,,,,,
"Pickaway County, OH",,,,,,
"Hardin County, KY",,,,,,
"Crawford County, MI",,,,,,
"Franklin County, MA",,,,,,
"Sauk County, WI",,,,,,
"Rockwall County, TX",,,,,,
"Kershaw County, SC",,,,,,
"Carter County, OK",,,,,,
"Douglas County, OR",,,,,,
"Logan County, IL",,,,,,
"Chelan County, WA",,,,,,
"Shenandoah County, VA",,,,,,
"Jackson County, MN",,,,,,
"Clinton County, IA",,,,,,
"Seneca County, OH",,,,,,
"Lyon County, MN",,,,,,
"Las Piedras Municipio, PR",,,,,,
"Potter County, TX",,,,,,
"Buffalo County, NE",,,,,,
"Río Grande Municipio, PR",,,,,,
"Warren County, VA",,,,,,
"Knox County, OH",,,,,,
"McCracken County, KY",,,,,,
"Ogemaw County, MI",,,,,,
"Sagadahoc County, ME",,,,,,
"Bedford County, PA",,,,,,
"Columbia County, FL",,,,,,
"Marion County, WV",,,,,,
"Valencia County, NM",,,,,,
"Caroline County, VA",,,,,,
"Delaware County, IN",,,,,,
"Humacao Municipio, PR",,,,,,
"Deaf Smith County, TX",,,,,,
"Baldwin County, AL",,,,,,
"Pender County, NC",,,,,,
"Kalkaska County, MI",,,,,,
"Lewis County, WA",,,,,,
"Stanly County, NC",,,,,,
"Florence County, SC",,,,,,
"Tehama County, CA",,,,,,
"Yamhill County, OR",,,,,,
"Davie County, NC",,,,,,
"Scott County, KY",,,,,,
"Teller County, CO",,,,,,
"Murray County, GA",,,,,,
"Rankin County, MS",,,,,,
"Anderson County, TN",,,,,,
"James City County, VA",,,,,,
"Alcona County, MI",,,,,,
"Williamson County, IL",,,,,,
"Simpson County, KY",,,,,,
"Unallocated, NH",,,,,,
"Polk County, WI",,,,,,
"Putnam County, TN",,,,,,
"Freeborn County, MN",,,,,,
"Leelanau County, MI",,,,,,
"Mower County, MN",,,,,,
"Cass County, MN",,,,,,
"Huntingdon County, PA",,,,,,
"Flathead County, MT",,,,,,
"Vigo County, IN",,,,,,
"Livingston County, NY",,,,,,
"Barrow County, GA",,,,,,
"Columbia County, WI",,,,,,
"Walker County, TX",,,,,,
"Caldwell County, NC",,,,,,
"Noble County, IN",,,,,,
"Floyd County, KY",,,,,,
"Pottawatomie County, OK",,,,,,
"Presque Isle County, MI",,,,,,
"Lafayette County, MS",,,,,,
"Jasper County, IN",,,,,,
"Hall County, NE",,,,,,
"Madison County, OH",,,,,,
"Liberty County, TX",,,,,,
"Pierce County, WI",,,,,,
"Arecibo Municipio, PR",,,,,,
"Cullman County, AL",,,,,,
"Levy County, FL",,,,,,
"Columbia County, NY",,,,,,
"Moore County, TX",,,,,,
"Livingston County, IL",,,,,,
"Ellis County, TX",,,,,,
"Cheatham County, TN",,,,,,
"Le Sueur County, MN",,,,,,
"Union County, OH",,,,,,
"Rockingham County, VA",,,,,,
"Albany County, WY",,,,,,
"Jackson County, GA",,,,,,
"White County, AR",,,,,,
"Tompkins County, NY",,,,,,
"Atascosa County, TX",,,,,,
"Mayagüez Municipio, PR",,,,,,
"Arenac County, MI",,,,,,
"Lares Municipio, PR",,,,,,
"Summit County, UT",,,,,,
"Grant County, WA",,,,,,
"Kittitas County, WA",,,,,,
"Plymouth County, IA",,,,,,
"Orange County, TX",,,,,,
"Crosby County, TX",,,,,,
"Hopewell city, VA",,,,,,
"Lewis and Clark County, MT",,,,,,
"Kaufman County, TX",,,,,,
"Manistee County, MI",,,,,,
"Gurabo Municipio, PR",,,,,,
"Putnam County, FL",,,,,,
"Manassas city, VA",,,,,,
"Jefferson County, ID",,,,,,
"Sutter County, CA",,,,,,
"Huron County, OH",,,,,,
"Fayette County, GA",,,,,,
"Winchester city, VA",,,,,,
"Bartholomew County, IN",,,,,,
"Knox County, KY",,,,,,
"Jackson County, IL",,,,,,
"Allegany County, MD",,,,,,
"Waller County, TX",,,,,,
"Faulkner County, AR",,,,,,
"Allegany County, NY",,,,,,
"Grant County, IN",,,,,,
"Abbeville County, SC",,,,,,
"Yuba County, CA",,,,,,
"Navajo County, AZ",,,,,,
"Union County, SC",,,,,,
"Bennington County, VT",,,,,,
"Douglas County, KS",,,,,,
"Crawford County, PA",,,,,,
"Bryan County, GA",,,,,,
"Parker County, TX",,,,,,
"Champaign County, OH",,,,,,
"Wilkes County, NC",,,,,,
"Harlan County, KY",,,,,,
"Orleans County, NY",,,,,,
"Jackson County, IN",,,,,,
"Ward County, ND",,,,,,
"Rockingham County, NC",,,,,,
"Grant County, WI",,,,,,
"Monroe County, TN",,,,,,
"Madison County, KY",,,,,,
"Herkimer County, NY",,,,,,
"Spalding County, GA",,,,,,
"Marion County, OH",,,,,,
"Putnam County, OH",,,,,,
"Effingham County, GA",,,,,,
"Warren County, PA",,,,,,
"Warren County, IA",,,,,,
"Stevens County, WA",,,,,,
"Jefferson County, TN",,,,,,
"Jasper County, MO",,,,,,
"Marshall County, IN",,,,,,
"Moore County, NC",,,,,,
"Granville County, NC",,,,,,
"Dodge County, WI",,,,,,
"Greene County, NY",,,,,,
"Darke County, OH",,,,,,
"Franklin County, VA",,,,,,
"Calumet County, WI",,,,,,
"Schoharie County, NY",,,,,,
"Duplin County, NC",,,,,,
"Houghton County, MI",,,,,,
"Washington County, VT",,,,,,
"Snyder County, PA",,,,,,
"Floyd County, IN",,,,,,
"Worcester County, MD",,,,,,
"Smyth County, VA",,,,,,
"Brown County, SD",,,,,,
"Tooele County, UT",,,,,,
"Grayson County, TX",,,,,,
"Ravalli County, MT",,,,,,
"Boone County, WV",,,,,,
"Haywood County, NC",,,,,,
"Wythe County, VA",,,,,,
"Fond du Lac County, WI",,,,,,
"Cortland County, NY",,,,,,
"Dorado Municipio, PR",,,,,,
"Monroe County, IL",,,,,,
"Jefferson County, PA",,,,,,
"Nantucket County, MA",,,,,,
"Clark County, KY",,,,,,
"Otero County, NM",,,,,,
"Eau Claire County, WI",,,,,,
"Saunders County, NE",,,,,,
"Gordon County, GA",,,,,,
"Elmore County, ID",,,,,,
"Tangipahoa Parish, LA",,,,,,
"Dodge County, NE",,,,,,
"Calhoun County, TX",,,,,,
"Carson City, NV",,,,,,
"Coffee County, TN",,,,,,
"Ashland County, OH",,,,,,
"Richmond County, NC",,,,,,
"Craven County, NC",,,,,,
"Cerro Gordo County, IA",,,,,,
"Rutherford County, NC",,,,,,
"McMinn County, TN",,,,,,
"Iberia Parish, LA",,,,,,
"St. Clair County, AL",,,,,,
"Sweetwater County, WY",,,,,,
"Vance County, NC",,,,,,
"Canóvanas Municipio, PR",,,,,,
"St. Mary Parish, LA",,,,,,
"Chatham County, NC",,,,,,
"McDonough County, IL",,,,,,
"Acadia Parish, LA",,,,,,
"Clay County, MO",,,,,,
"Taylor County, TX",,,,,,
"Macon County, TN",,,,,,
"Knox County, IL",,,,,,
"Muscatine County, IA",,,,,,
"Unallocated, NC",,,,,,
"Wagoner County, OK",,,,,,
"Isle of Wight County, VA",,,,,,
"Corozal Municipio, PR",,,,,,
"Wood County, WV",,,,,,
"Carson County, TX",,,,,,
"Lee County, AL",,,,,,
"Jackson County, WV",,,,,,
"Steuben County, IN",,,,,,
"King George County, VA",,,,,,
"Garza County, TX",,,,,,
"Lewis County, NY",,,,,,
"Windham County, VT",,,,,,
"Warren County, TN",,,,,,
"Bristol city, VA",,,,,,
"Coosa County, AL",,,,,,
"Madison County, MS",,,,,,
"Boyd County, KY",,,,,,
"Pulaski County, KY",,,,,,
"Barron County, WI",,,,,,
"Coos County, NH",,,,,,
"Hancock County, ME",,,,,,
"Whitley County, IN",,,,,,
"Butts County, GA",,,,,,
"Clinton County, IN",,,,,,
"Fremont County, CO",,,,,,
"Loudon County, TN",,,,,,
"Beauregard Parish, LA",,,,,,
"Santa Fe County, NM",,,,,,
"Codington County, SD",,,,,,
"Starr County, TX",,,,,,
"Douglas County, WA",,,,,,
"Campbell County, VA",,,,,,
"Medina County, TX",,,,,,
"Unallocated, TN",,,,,,
"Venango County, PA",,,,,,
"Carlton County, MN",,,,,,
"Gibson County, TN",,,,,,
"Logan County, KY",,,,,,
"Bedford County, VA",,,,,,
"Mifflin County, PA",,,,,,
"Okeechobee County, FL",,,,,,
"Meeker County, MN",,,,,,
"Hendry County, FL",,,,,,
"Calvert County, MD",,,,,,
"Lee County, NC",,,,,,
"Effingham County, IL",,,,,,
"Newberry County, SC",,,,,,
"Jefferson Davis Parish, LA",,,,,,
"Elbert County, CO",,,,,,
"Redwood County, MN",,,,,,
"Burnet County, TX",,,,,,
"Lauderdale County, AL",,,,,,
"Portage County, WI",,,,,,
"Latah County, ID",,,,,,
"Hoke County, NC",,,,,,
"Pitkin County, CO",,,,,,
"Nassau County, FL",,,,,,
"Creek County, OK",,,,,,
"Alexander County, NC",,,,,,
"Washington County, TX",,,,,,
"DeSoto County, FL",,,,,,
"Clallam County, WA",,,,,,
"Terrebonne Parish, LA",,,,,,
"Gloucester County, VA",,,,,,
"Transylvania County, NC",,,,,,
"Ouachita Parish, LA",,,,,,
"Dougherty County, GA",,,,,,
"Troup County, GA",,,,,,
"Del Norte County, CA",,,,,,
"Scurry County, TX",,,,,,
"Fulton County, OH",,,,,,
"Hamblen County, TN",,,,,,
"Prince George County, VA",,,,,,
"Juniata County, PA",,,,,,
"Bullitt County, KY",,,,,,
"McKean County, PA",,,,,,
"Roane County, TN",,,,,,
"Wells County, IN",,,,,,
"Louisa County, VA",,,,,,
"Colorado County, TX",,,,,,
"Cottonwood County, MN",,,,,,
"Bayfield County, WI",,,,,,
"Glynn County, GA",,,,,,
"Franklin County, ME",,,,,,
"Colonial Heights city, VA",,,,,,
"Jackson County, MS",,,,,,
"Bureau County, IL",,,,,,
"Pine County, MN",,,,,,
"Dodge County, MN",,,,,,
"Waupaca County, WI",,,,,,
"Vermilion County, IL",,,,,,
"Franklin County, TN",,,,,,
"Iberville Parish, LA",,,,,,
"Greenbrier County, WV",,,,,,
"Martin County, MN",,,,,,
"Hardee County, FL",,,,,,
"Jackson County, OK",,,,,,
"Washington County, OK",,,,,,
"Tallapoosa County, AL",,,,,,
"Cabo Rojo Municipio, PR",,,,,,
"Giles County, TN",,,,,,
"Watauga County, NC",,,,,,
"Sioux County, IA",,,,,,
"Warrick County, IN",,,,,,
"Polk County, GA",,,,,,
"Macon County, NC",,,,,,
"Bethel Census Area, AK",,,,,,
"Koochiching County, MN",,,,,,
"Letcher County, KY",,,,,,
"Craighead County, AR",,,,,,
"Benton County, OR",,,,,,
"Christian County, MO",,,,,,
"Pittsylvania County, VA",,,,,,
"Oldham County, KY",,,,,,
"Crawford County, OH",,,,,,
"Cherokee County, NC",,,,,,
"Dorchester County, MD",,,,,,
"Caroline County, MD",,,,,,
"Lafourche Parish, LA",,,,,,
"Aroostook County, ME",,,,,,
"Wise County, TX",,,,,,
"Routt County, CO",,,,,,
"Montgomery County, IN",,,,,,
"Cape Girardeau County, MO",,,,,,
"Tuscarawas County, OH",,,,,,
"Cayey Municipio, PR",,,,,,
"Dinwiddie County, VA",,,,,,
"Preston County, WV",,,,,,
"Coryell County, TX",,,,,,
"Fajardo Municipio, PR",,,,,,
"Grant County, WV",,,,,,
"Weakley County, TN",,,,,,
"Auglaize County, OH",,,,,,
"Lincoln County, OR",,,,,,
"Unallocated, CA",,,,,,
"Sibley County, MN",,,,,,
"Franklin County, NY",,,,,,
"Tom Green County, TX",,,,,,
"Vermilion Parish, LA",,,,,,
"Humphreys County, TN",,,,,,
"Wasatch County, UT",,,,,,
"Fayette County, TX",,,,,,
"Vega Alta Municipio, PR",,,,,,
"Rogers County, OK",,,,,,
"Lea County, NM",,,,,,
"Casey County, KY",,,,,,
"Manitowoc County, WI",,,,,,
"Defiance County, OH",,,,,,
"Carroll County, IA",,,,,,
"Dickinson County, MI",,,,,,
"San Lorenzo Municipio, PR",,,,,,
"Williams County, OH",,,,,,
"Barren County, KY",,,,,,
"Limestone County, AL",,,,,,
"Erath County, TX",,,,,,
"Lawrence County, OH",,,,,,
"Moca Municipio, PR",,,,,,
"Fredericksburg city, VA",,,,,,
"Stokes County, NC",,,,,,
"Santa Cruz County, CA",,,,,,
"Washington County, IN",,,,,,
"Leavenworth County, KS",,,,,,
"Webster Parish, LA",,,,,,
"Sullivan County, NH",,,,,,
"Hatillo Municipio, PR",,,,,,
"Johnson County, TN",,,,,,
"Comerío Municipio, PR",,,,,,
"Stark County, ND",,,,,,
"San Benito County, CA",,,,,,
"Isabela Municipio, PR",,,,,,
"Queen Anne's County, MD",,,,,,
"Clinton County, OH",,,,,,
"Washington County, OH",,,,,,
"Lincoln County, WA",,,,,,
"Mercer County, WV",,,,,,
"Campbell County, TN",,,,,,
"Mineral County, WV",,,,,,
"Powhatan County, VA",,,,,,
"Calhoun County, AL",,,,,,
"Tazewell County, VA",,,,,,
"Wharton County, TX",,,,,,
"Morgan County, IN",,,,,,
"Wayne County, IN",,,,,,
"Unallocated, FL",,,,,,
"Warren County, MO",,,,,,
"Lamar County, MS",,,,,,
"Coos County, OR",,,,,,
"Geary County, KS",,,,,,
"Windsor County, VT",,,,,,
"Henderson County, KY",,,,,,
"Lyon County, NV",,,,,,
"Pike County, KY",,,,,,
"Polk County, MN",,,,,,
"Williamsburg city, VA",,,,,,
"Clay County, IA",,,,,,
"Jones County, MS",,,,,,
"Scott County, TN",,,,,,
"Madison County, NC",,,,,,
"Talladega County, AL",,,,,,
"Campbell County, KY",,,,,,
"Claiborne County, TN",,,,,,
"Clarion County, PA",,,,,,
"Valdez-Cordova Census Area, AK",,,,,,
"Santa Cruz County, AZ",,,,,,
"Unallocated, HI",,,,,,
"Teton County, WY",,,,,,
"Scott County, VA",,,,,,
"Carter County, KY",,,,,,
"Edgefield County, SC",,,,,,
"Hardin County, TN",,,,,,
"Aguadilla Municipio, PR",,,,,,
"Wood County, WI",,,,,,
"McCreary County, KY",,,,,,
"Bulloch County, GA",,,,,,
"Dearborn County, IN",,,,,,
"Waseca County, MN",,,,,,
"Allen County, KY",,,,,,
"Mecklenburg County, VA",,,,,,
"Amador County, CA",,,,,,
"Greene County, VA",,,,,,
"White County, GA",,,,,,
"Gregg County, TX",,,,,,
"Lincoln Parish, LA",,,,,,
"Mason County, WA",,,,,,
"Dillon County, SC",,,,,,
"Crawford County, MO",,,,,,
"Barranquitas Municipio, PR",,,,,,
"Scioto County, OH",,,,,,
"Box Elder County, UT",,,,,,
"Juana Díaz Municipio, PR",,,,,,
"Morovis Municipio, PR",,,,,,
"Morton County, ND",,,,,,
"Umatilla County, OR",,,,,,
"Mackinac County, MI",,,,,,
"Stutsman County, ND",,,,,,
"Eddy County, NM",,,,,,
"Blaine County, ID",,,,,,
"Jim Wells County, TX",,,,,,
"Wise County, VA",,,,,,
"Tipton County, TN",,,,,,
"Baker County, OR",,,,,,
"Benzie County, MI",,,,,,
"Cole County, MO",,,,,,
"Lake County, MI",,,,,,
"Marshall County, WV",,,,,,
"Roseau County, MN",,,,,,
"Decatur County, GA",,,,,,
"Pope County, MN",,,,,,
"Yankton County, SD",,,,,,
"Mingo County, WV",,,,,,
"Chilton County, AL",,,,,,
"Lonoke County, AR",,,,,,
"Richmond County, VA",,,,,,
"Lincoln County, NE",,,,,,
"Jessamine County, KY",,,,,,
"Jefferson County, IN",,,,,,
"Schuyler County, NY",,,,,,
"Gibson County, IN",,,,,,
"Guayama Municipio, PR",,,,,,
"Fannin County, GA",,,,,,
"Tillamook County, OR",,,,,,
"Cataño Municipio, PR",,,,,,
"Jayuya Municipio, PR",,,,,,
"Bowie County, TX",,,,,,
"Yellow Medicine County, MN",,,,,,
"Naguabo Municipio, PR",,,,,,
"Dunklin County, MO",,,,,,
"Trigg County, KY",,,,,,
"Phelps County, MO",,,,,,
"Pickens County, GA",,,,,,
"Elko County, NV",,,,,,
"Perry County, KY",,,,,,
"Bell County, KY",,,,,,
"Boyle County, KY",,,,,,
"Lake of the Woods County, MN",,,,,,
"Crittenden County, AR",,,,,,
"Georgetown County, SC",,,,,,
"Aguada Municipio, PR",,,,,,
"Hopkins County, KY",,,,,,
"Pamlico County, NC",,,,,,
"Floyd County, TX",,,,,,
"Orocovis Municipio, PR",,,,,,
"Benton County, TN",,,,,,
"Grand County, CO",,,,,,
"Grays Harbor County, WA",,,,,,
"Montour County, PA",,,,,,
"Delta County, CO",,,,,,
"Butler County, MO",,,,,,
"Delaware County, IA",,,,,,
"Lincoln County, ME",,,,,,
"Lamoille County, VT",,,,,,
"Marshall County, TN",,,,,,
"Winona County, MN",,,,,,
"Kleberg County, TX",,,,,,
"Kanabec County, MN",,,,,,
"Unallocated, WA",,,,,,
"Huntington County, IN",,,,,,
"Montgomery County, KY",,,,,,
"Hampshire County, WV",,,,,,
"Baxter County, AR",,,,,,
"Lawrence County, IN",,,,,,
"Castro County, TX",,,,,,
"Russell County, AL",,,,,,
"Christian County, IL",,,,,,
"St. Francois County, MO",,,,,,
"Quebradillas Municipio, PR",,,,,,
"Mason County, WV",,,,,,
"Hancock County, MS",,,,,,
"Caldwell County, TX",,,,,,
"Washington County, NE",,,,,,
"Harrison County, IA",,,,,,
"Morgan County, TN",,,,,,
"Orange County, VT",,,,,,
"Kingsbury County, SD",,,,,,
"Hughes County, SD",,,,,,
"DeKalb County, IN",,,,,,
"Todd County, MN",,,,,,
"Aibonito Municipio, PR",,,,,,
"Lawrence County, TN",,,,,,
"Cocke County, TN",,,,,,
"Kossuth County, IA",,,,,,
"Union County, SD",,,,,,
"Grayson County, VA",,,,,,
"Nicholas County, WV",,,,,,
"Boone County, IA",,,,,,
"Newton County, MO",,,,,,
"Coles County, IL",,,,,,
"Pike County, OH",,,,,,
"Lee County, MS",,,,,,
"Oconee County, GA",,,,,,
"Angelina County, TX",,,,,,
"Wyoming County, WV",,,,,,
"Green County, WI",,,,,,
"Douglas County, NV",,,,,,
"Adams County, WI",,,,,,
"Greene County, AR",,,,,,
"West Baton Rouge Parish, LA",,,,,,
"St. Martin Parish, LA",,,,,,
"Darlington County, SC",,,,,,
"Preble County, OH",,,,,,
"Harrison County, TX",,,,,,
"McClain County, OK",,,,,,
"Houston County, AL",,,,,,
"Lenoir County, NC",,,,,,
"Holt County, NE",,,,,,
"DeKalb County, AL",,,,,,
"Madison County, NE",,,,,,
"Grayson County, KY",,,,,,
"Grady County, OK",,,,,,
"Jackson Parish, LA",,,,,,
"Wheeler County, TX",,,,,,
"Morgan County, UT",,,,,,
"Sebastian County, AR",,,,,,
"Chester County, SC",,,,,,
"Camuy Municipio, PR",,,,,,
"Marshall County, OK",,,,,,
"Platte County, MO",,,,,,
"Grant County, NM",,,,,,
"Henry County, VA",,,,,,
"Chippewa County, WI",,,,,,
"Goochland County, VA",,,,,,
"Yabucoa Municipio, PR",,,,,,
"Utuado Municipio, PR",,,,,,
"Marion County, SC",,,,,,
"Adams County, IL",,,,,,
"Randolph County, MO",,,,,,
"Fayette County, TN",,,,,,
"Archuleta County, CO",,,,,,
"Gilchrist County, FL",,,,,,
"Van Buren County, AR",,,,,,
"Wakulla County, FL",,,,,,
"Menominee County, MI",,,,,,
"Kings County, CA",,,,,,
"Lake County, CA",,,,,,
"Scotland County, NC",,,,,,
"Sabine Parish, LA",,,,,,
"Lincoln County, WI",,,,,,
"Poquoson city, VA",,,,,,
"Amherst County, VA",,,,,,
"San Sebastián Municipio, PR",,,,,,
"Dakota County, NE",,,,,,
"Grand County, UT",,,,,,
"Morrow County, OH",,,,,,
"Knox County, ME",,,,,,
"Yauco Municipio, PR",,,,,,
"Riley County, KS",,,,,,
"Payne County, OK",,,,,,
"Essex County, NY",,,,,,
"Mason County, KY",,,,,,
"Unicoi County, TN",,,,,,
"Taney County, MO",,,,,,
"Nelson County, KY",,,,,,
"Butler County, KS",,,,,,
"Shelby County, TX",,,,,,
"Campbell County, WY",,,,,,
"Blount County, AL",,,,,,
"Camden County, MO",,,,,,
"Lampasas County, TX",,,,,,
"Lincoln County, WY",,,,,,
"Stark County, IL",,,,,,
"Kendall County, TX",,,,,,
"Aitkin County, MN",,,,,,
"De Soto Parish, LA",,,,,,
"Logan County, WV",,,,,,
"Nobles County, MN",,,,,,
"Upson County, GA",,,,,,
"Shelby County, KY",,,,,,
"Faribault County, MN",,,,,,
"Baker County, FL",,,,,,
"Oneida County, WI",,,,,,
"Walla Walla County, WA",,,,,,
"Patillas Municipio, PR",,,,,,
"Hickman County, TN",,,,,,
"Jackson County, NC",,,,,,
"Macon County, MO",,,,,,
"Rhea County, TN",,,,,,
"Jo Daviess County, IL",,,,,,
"Childress County, TX",,,,,,
"Seneca County, NY",,,,,,
"Danville city, VA",,,,,,
"Haralson County, GA",,,,,,
"Oscoda County, MI",,,,,,
"Chaffee County, CO",,,,,,
"Dent County, MO",,,,,,
"Clay County, WV",,,,,,
"Renville County, MN",,,,,,
"Marshall County, MS",,,,,,
"Talbot County, MD",,,,,,
"Fluvanna County, VA",,,,,,
"Okanogan County, WA",,,,,,
"Kent County, MD",,,,,,
"King William County, VA",,,,,,
"Hubbard County, MN",,,,,,
"New Kent County, VA",,,,,,
"Perry County, OH",,,,,,
"Ciales Municipio, PR",,,,,,
"Lake County, SD",,,,,,
"Jersey County, IL",,,,,,
"Juneau City and Borough, AK",,,,,,
"Natchitoches Parish, LA",,,,,,
"Montmorency County, MI",,,,,,
"Macoupin County, IL",,,,,,
"Maverick County, TX",,,,,,
"Richland County, ND",,,,,,
"Ware County, GA",,,,,,
"Accomack County, VA",,,,,,
"Colleton County, SC",,,,,,
"Suwannee County, FL",,,,,,
"Guernsey County, OH",,,,,,
"Wilson County, TX",,,,,,
"Chattooga County, GA",,,,,,
"Elmore County, AL",,,,,,
"Luce County, MI",,,,,,
"Warren County, MS",,,,,,
"Garland County, AR",,,,,,
"Henry County, OH",,,,,,
"Oconto County, WI",,,,,,
"Jackson County, FL",,,,,,
"Aguas Buenas Municipio, PR",,,,,,
"Salinas Municipio, PR",,,,,,
"Coamo Municipio, PR",,,,,,
"Chesterfield County, SC",,,,,,
"Saline County, NE",,,,,,
"Sublette County, WY",,,,,,
"Adams County, IN",,,,,,
"Powell County, KY",,,,,,
"St. Charles Parish, LA",,,,,,
"St. Landry Parish, LA",,,,,,
"Giles County, VA",,,,,,
"Morgan County, IL",,,,,,
"Hancock County, WV",,,,,,
"Mason County, IL",,,,,,
"Bonner County, ID",,,,,,
"Pearl River County, MS",,,,,,
"Harrison County, IN",,,,,,
"Marshall County, IL",,,,,,
"Halifax County, VA",,,,,,
"Habersham County, GA",,,,,,
"Jefferson County, IL",,,,,,
"Van Zandt County, TX",,,,,,
"Sanpete County, UT",,,,,,
"Park County, MT",,,,,,
"Clayton County, IA",,,,,,
"Shelby County, IN",,,,,,
"Murray County, MN",,,,,,
"Franklin County, KY",,,,,,
"Crawford County, KS",,,,,,
"Botetourt County, VA",,,,,,
"Fayette County, AL",,,,,,
"Willacy County, TX",,,,,,
"Fairfield County, SC",,,,,,
"Marinette County, WI",,,,,,
"Nez Perce County, ID",,,,,,
"Prince Edward County, VA",,,,,,
"McDowell County, WV",,,,,,
"Nacogdoches County, TX",,,,,,
"Iroquois County, IL",,,,,,
"Lincoln County, TN",,,,,,
"Wetzel County, WV",,,,,,
"Austin County, TX",,,,,,
"Obion County, TN",,,,,,
"Scott County, MS",,,,,,
"Saline County, IL",,,,,,
"Morgan County, WV",,,,,,
"Pike County, MS",,,,,,
"Adams County, WA",,,,,,
"Cass County, IN",,,,,,
"Logan County, OH",,,,,,
"Natrona County, WY",,,,,,
"Meade County, KY",,,,,,
"Rowan County, KY",,,,,,
"Randolph County, IL",,,,,,
"Sevier County, UT",,,,,,
"Clay County, IN",,,,,,
"Nemaha County, NE",,,,,,
"Unallocated, CT",,,,,,
"Washington County, IA",,,,,,
"Howard County, TX",,,,,,
"Camden County, GA",,,,,,
"Putnam County, IN",,,,,,
"Carbon County, UT",,,,,,
"Bourbon County, KS",,,,,,
"Cibola County, NM",,,,,,
"San Jacinto County, TX",,,,,,
"Luquillo Municipio, PR",,,,,,
"Wichita County, TX",,,,,,
"Columbus County, NC",,,,,,
"Union County, MS",,,,,,
"Franklin County, IL",,,,,,
"Russell County, VA",,,,,,
"Monroe County, GA",,,,,,
"Henderson County, TX",,,,,,
"Lawrence County, KY",,,,,,
"Harrison County, KY",,,,,,
"Polk County, TN",,,,,,
"Gilmer County, GA",,,,,,
"Lawrence County, AL",,,,,,
"Yancey County, NC",,,,,,
"Buchanan County, MO",,,,,,
"Orange County, VA",,,,,,
"Montezuma County, CO",,,,,,
"Van Wert County, OH",,,,,,
"Schoolcraft County, MI",,,,,,
"Greenup County, KY",,,,,,
"Hampton County, SC",,,,,,
"Roane County, WV",,,,,,
"Ford County, KS",,,,,,
"Pope County, AR",,,,,,
"Frio County, TX",,,,,,
"Dawson County, GA",,,,,,
"Chaves County, NM",,,,,,
"Milam County, TX",,,,,,
"Mississippi County, AR",,,,,,
"Hardin County, TX",,,,,,
"Lavaca County, TX",,,,,,
"Shawano County, WI",,,,,,
"Payette County, ID",,,,,,
"Gila County, AZ",,,,,,
"Kerr County, TX",,,,,,
"Trempealeau County, WI",,,,,,
"Marion County, MO",,,,,,
"Oktibbeha County, MS",,,,,,
"Washington County, ME",,,,,,
"Knox County, IN",,,,,,
"Colbert County, AL",,,,,,
"St. Bernard Parish, LA",,,,,,
"Mitchell County, NC",,,,,,
"Cedar County, IA",,,,,,
"Warren County, IL",,,,,,
"Hardin County, OH",,,,,,
"Fulton County, PA",,,,,,
"Wadena County, MN",,,,,,
"Carroll County, IN",,,,,,
"Hertford County, NC",,,,,,
"Burnett County, WI",,,,,,
"Clarke County, VA",,,,,,
"Williamsburg County, SC",,,,,,
"Hale County, AL",,,,,,
"Adams County, NE",,,,,,
"Menard County, IL",,,,,,
"Crittenden County, KY",,,,,,
"Pike County, GA",,,,,,
"Pulaski County, VA",,,,,,
"Galax city, VA",,,,,,
"Lincoln County, KY",,,,,,
"Hocking County, OH",,,,,,
"Cooke County, TX",,,,,,
"Sunflower County, MS",,,,,,
"Morgan County, KY",,,,,,
"Grainger County, TN",,,,,,
"Crawford County, AR",,,,,,
"Clinton County, KY",,,,,,
"Wayne County, WV",,,,,,
"Silver Bow County, MT",,,,,,
"Union County, OR",,,,,,
"McDowell County, NC",,,,,,
"Martin County, NC",,,,,,
"Manatí Municipio, PR",,,,,,
"Page County, IA",,,,,,
"Person County, NC",,,,,,
"Madison County, MO",,,,,,
"Coffee County, GA",,,,,,
"Jasper County, IA",,,,,,
"Logan County, CO",,,,,,
"Calaveras County, CA",,,,,,
"Ochiltree County, TX",,,,,,
"Sequatchie County, TN",,,,,,
"Calloway County, KY",,,,,,
"Radford city, VA",,,,,,
"Potter County, PA",,,,,,
"Grant County, OR",,,,,,
"Thomas County, GA",,,,,,
"Humboldt County, CA",,,,,,
"Glenn County, CA",,,,,,
"Door County, WI",,,,,,
"Mendocino County, CA",,,,,,
"Churchill County, NV",,,,,,
"Grundy County, TN",,,,,,
"Yates County, NY",,,,,,
"Cochran County, TX",,,,,,
"Reno County, KS",,,,,,
"Emmet County, IA",,,,,,
"Lee County, IA",,,,,,
"Custer County, SD",,,,,,
"Cannon County, TN",,,,,,
"Logan County, OK",,,,,,
"Lowndes County, MS",,,,,,
"Henry County, IN",,,,,,
"Meigs County, OH",,,,,,
"White County, IN",,,,,,
"Saline County, KS",,,,,,
"Carroll County, IL",,,,,,
"Vernon County, MO",,,,,,
"Highland County, OH",,,,,,
"Gillespie County, TX",,,,,,
"Jackson County, OH",,,,,,
"Yalobusha County, MS",,,,,,
"Saline County, AR",,,,,,
"Gallia County, OH",,,,,,
"Walsh County, ND",,,,,,
"Franklin city, VA",,,,,,
"Armstrong County, TX",,,,,,
"Brown County, OH",,,,,,
"Mercer County, OH",,,,,,
"Dawson County, NE",,,,,,
"Mahaska County, IA",,,,,,
"Northampton County, VA",,,,,,
"Lyon County, IA",,,,,,
"Collingsworth County, TX",,,,,,
"Marion County, IA",,,,,,
"Plaquemines Parish, LA",,,,,,
"Staunton city, VA",,,,,,
"Morehouse Parish, LA",,,,,,
"Guayanilla Municipio, PR",,,,,,
"Cidra Municipio, PR",,,,,,
"Scotts Bluff County, NE",,,,,,
"Adair County, KY",,,,,,
"Humboldt County, NV",,,,,,
"Rio Arriba County, NM",,,,,,
"Wayne County, GA",,,,,,
"Wilkin County, MN",,,,,,
"Baldwin County, GA",,,,,,
"Hardeman County, TN",,,,,,
"Toombs County, GA",,,,,,
"Lewis County, TN",,,,,,
"Hardy County, WV",,,,,,
"Forrest County, MS",,,,,,
"Waynesboro city, VA",,,,,,
"Davison County, SD",,,,,,
"Greene County, NC",,,,,,
"McDonald County, MO",,,,,,
"Bee County, TX",,,,,,
"Meriwether County, GA",,,,,,
"Lee County, GA",,,,,,
"Dare County, NC",,,,,,
"Marshall County, IA",,,,,,
"Hutchinson County, SD",,,,,,
"Wabasha County, MN",,,,,,
"Jones County, IA",,,,,,
"Wood County, TX",,,,,,
"Lajas Municipio, PR",,,,,,
"Marquette County, WI",,,,,,
"Caswell County, NC",,,,,,
"White County, TN",,,,,,
"Cameron Parish, LA",,,,,,
"Bienville Parish, LA",,,,,,
"Monroe County, WI",,,,,,
"Ford County, IL",,,,,,
"De Witt County, IL",,,,,,
"Upshur County, WV",,,,,,
"Bracken County, KY",,,,,,
"Broadwater County, MT",,,,,,
"Curry County, OR",,,,,,
"Clarendon County, SC",,,,,,
"Tate County, MS",,,,,,
"Lawrence County, SD",,,,,,
"Northampton County, NC",,,,,,
"Montgomery County, IL",,,,,,
"Henry County, TN",,,,,,
"Crockett County, TN",,,,,,
"Lee County, VA",,,,,,
"Neshoba County, MS",,,,,,
"Randolph County, IN",,,,,,
"Essex County, VA",,,,,,
"LaGrange County, IN",,,,,,
"Alamosa County, CO",,,,,,
"Island County, WA",,,,,,
"Shelby County, OH",,,,,,
"Waldo County, ME",,,,,,
"Buena Vista County, IA",,,,,,
"Barbour County, AL",,,,,,
"Bibb County, AL",,,,,,
"Union Parish, LA",,,,,,
"St. James Parish, LA",,,,,,
"Caddo County, OK",,,,,,
"San Germán Municipio, PR",,,,,,
"Beckham County, OK",,,,,,
"Grant County, KY",,,,,,
"Greensville County, VA",,,,,,
"Fremont County, WY",,,,,,
"Jasper County, TX",,,,,,
"Jackson County, TX",,,,,,
"Jasper County, SC",,,,,,
"Butler County, AL",,,,,,
"Breckinridge County, KY",,,,,,
"Clay County, KY",,,,,,
"Mayes County, OK",,,,,,
"Muskogee County, OK",,,,,,
"Webster County, MO",,,,,,
"Dade County, GA",,,,,,
"Pontotoc County, OK",,,,,,
"Stephens County, OK",,,,,,
"Alcorn County, MS",,,,,,
"Monroe County, OH",,,,,,
"Polk County, MO",,,,,,
"Ashe County, NC",,,,,,
"Des Moines County, IA",,,,,,
"Meade County, SD",,,,,,
"Pasquotank County, NC",,,,,,
"Jackson County, AL",,,,,,
"Palo Alto County, IA",,,,,,
"Page County, VA",,,,,,
"Buchanan County, VA",,,,,,
"Winneshiek County, IA",,,,,,
"Wabash County, IN",,,,,,
"Worth County, IA",,,,,,
"Beadle County, SD",,,,,,
"Tipton County, IN",,,,,,
"Loíza Municipio, PR",,,,,,
"Starke County, IN",,,,,,
"Saluda County, SC",,,,,,
"Uvalde County, TX",,,,,,
"Scott County, IN",,,,,,
"Warren County, NC",,,,,,
"Lewis County, WV",,,,,,
"Park County, CO",,,,,,
"Smith County, TN",,,,,,
"Evangeline Parish, LA",,,,,,
"Aransas County, TX",,,,,,
"St. John the Baptist Parish, LA",,,,,,
"Jefferson County, OR",,,,,,
"Lumpkin County, GA",,,,,,
"Falls Church city, VA",,,,,,
"East Feliciana Parish, LA",,,,,,
"Tift County, GA",,,,,,
"Washington Parish, LA",,,,,,
"Calhoun County, WV",,,,,,
"Crook County, OR",,,,,,
"Copiah County, MS",,,,,,
"Love County, OK",,,,,,
"Pettis County, MO",,,,,,
"Cass County, TX",,,,,,
"Kay County, OK",,,,,,
"Rincón Municipio, PR",,,,,,
"Marlboro County, SC",,,,,,
"Watonwan County, MN",,,,,,
"Jefferson County, KS",,,,,,
"Buchanan County, IA",,,,,,
"Hot Spring County, AR",,,,,,
"McKinley County, NM",,,,,,
"Newton County, MS",,,,,,
"West Feliciana Parish, LA",,,,,,
"Ray County, MO",,,,,,
"Edgar County, IL",,,,,,
"Newton County, IN",,,,,,
"Santa Isabel Municipio, PR",,,,,,
"Lincoln County, MS",,,,,,
"Luna County, NM",,,,,,
"Lincoln County, OK",,,,,,
"Roberts County, SD",,,,,,
"Otoe County, NE",,,,,,
"Laurens County, GA",,,,,,
"Garvin County, OK",,,,,,
"Clatsop County, OR",,,,,,
"Hancock County, IA",,,,,,
"Marshall County, KY",,,,,,
"Madison County, GA",,,,,,
"Dubois County, IN",,,,,,
"Webster County, IA",,,,,,
"Amite County, MS",,,,,,
"Añasco Municipio, PR",,,,,,
"Dyer County, TN",,,,,,
"Franklin County, ID",,,,,,
"Jefferson County, AR",,,,,,
"Vinton County, OH",,,,,,
"Lake County, MT",,,,,,
"Union County, AR",,,,,,
"Bailey County, TX",,,,,,
"Lamar County, TX",,,,,,
"Moultrie County, IL",,,,,,
"Pointe Coupee Parish, LA",,,,,,
"Garfield County, OK",,,,,,
"Llano County, TX",,,,,,
"Jackson County, IA",,,,,,
"Fillmore County, MN",,,,,,
"Grimes County, TX",,,,,,
"Screven County, GA",,,,,,
"Bourbon County, KY",,,,,,
"Grant Parish, LA",,,,,,
"O'Brien County, IA",,,,,,
"Addison County, VT",,,,,,
"Assumption Parish, LA",,,,,,
"Montgomery County, NC",,,,,,
"Wyandot County, OH",,,,,,
"Bremer County, IA",,,,,,
"Barceloneta Municipio, PR",,,,,,
"Pipestone County, MN",,,,,,
"Chickasaw County, MS",,,,,,
"Palo Pinto County, TX",,,,,,
"Parmer County, TX",,,,,,
"Allen Parish, LA",,,,,,
"Las Animas County, CO",,,,,,
"Crawford County, IA",,,,,,
"Maunabo Municipio, PR",,,,,,
"Alleghany County, NC",,,,,,
"Fremont County, ID",,,,,,
"Westmoreland County, VA",,,,,,
"Ripley County, MO",,,,,,
"Alger County, MI",,,,,,
"York County, NE",,,,,,
"Murray County, OK",,,,,,
"Seminole County, OK",,,,,,
"Taylor County, WI",,,,,,
"Ashland County, WI",,,,,,
"Washburn County, WI",,,,,,
"Rio Blanco County, CO",,,,,,
"Carroll County, TN",,,,,,
"Donley County, TX",,,,,,
"King and Queen County, VA",,,,,,
"Henry County, KY",,,,,,
"Union County, TN",,,,,,
"Jay County, IN",,,,,,
"Spencer County, KY",,,,,,
"Hart County, GA",,,,,,
"Coshocton County, OH",,,,,,
"Mercer County, KY",,,,,,
"Breathitt County, KY",,,,,,
"Fentress County, TN",,,,,,
"St. Francis County, AR",,,,,,
"Jeff Davis County, GA",,,,,,
"Tillman County, OK",,,,,,
"Johnson County, MO",,,,,,
"Unallocated, AK",,,,,,
"Boone County, NE",,,,,,
"Lauderdale County, TN",,,,,,
"Henderson County, TN",,,,,,
"Inyo County, CA",,,,,,
"Le Flore County, OK",,,,,,
"Brown County, IN",,,,,,
"Avery County, NC",,,,,,
"Avoyelles Parish, LA",,,,,,
"Anson County, NC",,,,,,
"Fulton County, IN",,,,,,
"Rockcastle County, KY",,,,,,
"Bryan County, OK",,,,,,
"Adams County, MS",,,,,,
"Walker County, AL",,,,,,
"Morgan County, GA",,,,,,
"Washington County, MS",,,,,,
"Roosevelt County, MT",,,,,,
"Holmes County, OH",,,,,,
"Mills County, IA",,,,,,
"Lawrence County, IL",,,,,,
"Simpson County, MS",,,,,,
"Swift County, MN",,,,,,
"Yadkin County, NC",,,,,,
"Alleghany County, VA",,,,,,
"Moffat County, CO",,,,,,
"Greene County, IL",,,,,,
"Big Horn County, MT",,,,,,
"Marion County, TN",,,,,,
"Burleson County, TX",,,,,,
"McPherson County, KS",,,,,,
"Sargent County, ND",,,,,,
"Osage County, OK",,,,,,
"Taylor County, WV",,,,,,
"Chippewa County, MN",,,,,,
"Siskiyou County, CA",,,,,,
"Rockbridge County, VA",,,,,,
"Pecos County, TX",,,,,,
"Kewaunee County, WI",,,,,,
"Miami County, KS",,,,,,
"Harvey County, KS",,,,,,
"Owen County, IN",,,,,,
"Lewis County, KY",,,,,,
"Floyd County, IA",,,,,,
"Fannin County, TX",,,,,,
"Banks County, GA",,,,,,
"Atkinson County, GA",,,,,,
"Crawford County, IL",,,,,,
"Vernon County, WI",,,,,,
"Rusk County, TX",,,,,,
"Washington County, FL",,,,,,
"Douglas County, IL",,,,,,
"Grant County, MN",,,,,,
"Hamlin County, SD",,,,,,
"Lawrence County, MO",,,,,,
"Trousdale County, TN",,,,,,
"Morgan County, OH",,,,,,
"Stone County, MO",,,,,,
"Hall County, TX",,,,,,
"Leake County, MS",,,,,,
"Grand Isle County, VT",,,,,,
"Salem city, VA",,,,,,
"Caribou County, ID",,,,,,
"Johnson County, AR",,,,,,
"Itawamba County, MS",,,,,,
"Mahnomen County, MN",,,,,,
"Vernon Parish, LA",,,,,,
"Oldham County, TX",,,,,,
"Monroe County, WV",,,,,,
"Okmulgee County, OK",,,,,,
"Upshur County, TX",,,,,,
"Garrett County, MD",,,,,,
"Tyler County, TX",,,,,,
"Bradford County, FL",,,,,,
"Appomattox County, VA",,,,,,
"Montrose County, CO",,,,,,
"Bladen County, NC",,,,,,
"Hamilton County, NE",,,,,,
"Cherokee County, KS",,,,,,
"Teton County, ID",,,,,,
"Florida Municipio, PR",,,,,,
"Johnson County, KY",,,,,,
"Adjuntas Municipio, PR",,,,,,
"Norman County, MN",,,,,,
"Henry County, IA",,,,,,
"Shelby County, IL",,,,,,
"Nelson County, VA",,,,,,
"Orange County, IN",,,,,,
"Piatt County, IL",,,,,,
"Tuolumne County, CA",,,,,,
"Bates County, MO",,,,,,
"Pontotoc County, MS",,,,,,
"Cedar County, NE",,,,,,
"Overton County, TN",,,,,,
"McNairy County, TN",,,,,,
"Asotin County, WA",,,,,,
"Hardin County, IA",,,,,,
"Gage County, NE",,,,,,
"Villalba Municipio, PR",,,,,,
"McKenzie County, ND",,,,,,
"Fremont County, IA",,,,,,
"Pierce County, GA",,,,,,
"Gilpin County, CO",,,,,,
"Davis County, IA",,,,,,
"Craig County, VA",,,,,,
"Ransom County, ND",,,,,,
"Brunswick County, VA",,,,,,
"Amelia County, VA",,,,,,
"Barnes County, ND",,,,,,
"Phelps County, NE",,,,,,
"Hood County, TX",,,,,,
"Iowa County, WI",,,,,,
"Sequoyah County, OK",,,,,,
"Sussex County, VA",,,,,,
"Estill County, KY",,,,,,
"Malheur County, OR",,,,,,
"Southampton County, VA",,,,,,
"Todd County, KY",,,,,,
"Burke County, GA",,,,,,
"Polk County, TX",,,,,,
"Kodiak Island Borough, AK",,,,,,
"McIntosh County, OK",,,,,,
"Franklin County, GA",,,,,,
"Carroll County, KY",,,,,,
"Lyon County, KS",,,,,,
"Pacific County, WA",,,,,,
"Webster County, KY",,,,,,
"Lee County, SC",,,,,,
"Clark County, AR",,,,,,
"Bath County, KY",,,,,,
"Hale County, TX",,,,,,
"Ashley County, AR",,,,,,
"Lincoln County, WV",,,,,,
"Scott County, MO",,,,,,
"Fergus County, MT",,,,,,
"Traverse County, MN",,,,,,
"Sac County, IA",,,,,,
"Menifee County, KY",,,,,,
"Richland County, WI",,,,,,
"Bamberg County, SC",,,,,,
"Livingston County, KY",,,,,,
"Lincoln County, MT",,,,,,
"Clark County, WI",,,,,,
"Brooke County, WV",,,,,,
"Clark County, SD",,,,,,
"Madison County, IA",,,,,,
"McIntosh County, GA",,,,,,
"Bacon County, GA",,,,,,
"Bond County, IL",,,,,,
"Lamar County, GA",,,,,,
"Metcalfe County, KY",,,,,,
"Colquitt County, GA",,,,,,
"Adams County, OH",,,,,,
"Traill County, ND",,,,,,
"Seminole County, GA",,,,,,
"Floyd County, VA",,,,,,
"Rush County, IN",,,,,,
"Covington County, AL",,,,,,
"Benton County, IN",,,,,,
"Andrew County, MO",,,,,,
"Price County, WI",,,,,,
"Carroll County, OH",,,,,,
"McCurtain County, OK",,,,,,
"Allendale County, SC",,,,,,
"Hancock County, KY",,,,,,
"Union County, KY",,,,,,
"Decatur County, IN",,,,,,
"Antelope County, NE",,,,,,
"San Juan County, WA",,,,,,
"Edmonson County, KY",,,,,,
"Ottawa County, OK",,,,,,
"Unallocated, AR",,,,,,
"Greene County, IN",,,,,,
"Graves County, KY",,,,,,
"Park County, WY",,,,,,
"Panola County, MS",,,,,,
"Gadsden County, FL",,,,,,
"Hood River County, OR",,,,,,
"Wapello County, IA",,,,,,
"Cassia County, ID",,,,,,
"Cherokee County, IA",,,,,,
"Summers County, WV",,,,,,
"Polk County, NE",,,,,,
"Currituck County, NC",,,,,,
"Nodaway County, MO",,,,,,
"Turner County, SD",,,,,,
"Hughes County, OK",,,,,,
"Lake County, CO",,,,,,
"Harmon County, OK",,,,,,
"Sabana Grande Municipio, PR",,,,,,
"Randolph County, AL",,,,,,
"Craig County, OK",,,,,,
"Peach County, GA",,,,,,
"LaSalle Parish, LA",,,,,,
"Sullivan County, PA",,,,,,
"Shelby County, IA",,,,,,
"Colusa County, CA",,,,,,
"Lafayette County, MO",,,,,,
"Emporia city, VA",,,,,,
"Blanco County, TX",,,,,,
"Brantley County, GA",,,,,,
"Lee County, KY",,,,,,
"Tyler County, WV",,,,,,
"Limestone County, TX",,,,,,
"Dade County, MO",,,,,,
"Geneva County, AL",,,,,,
"Escambia County, AL",,,,,,
"Neosho County, KS",,,,,,
"Lafayette County, WI",,,,,,
"Holmes County, MS",,,,,,
"Clinch County, GA",,,,,,
"Winn Parish, LA",,,,,,
"Fayette County, IL",,,,,,
"Perry County, IL",,,,,,
"Covington County, MS",,,,,,
"Louisa County, IA",,,,,,
"Lipscomb County, TX",,,,,,
"Barbour County, WV",,,,,,
"Jackson County, WI",,,,,,
"Delaware County, OK",,,,,,
"Bledsoe County, TN",,,,,,
"Brooks County, TX",,,,,,
"Swisher County, TX",,,,,,
"San Juan County, UT",,,,,,
"Madison County, VA",,,,,,
"Doddridge County, WV",,,,,,
"Jefferson County, WA",,,,,,
"McCormick County, SC",,,,,,
"Stewart County, TN",,,,,,
"Las Marías Municipio, PR",,,,,,
"Houston County, TN",,,,,,
"Pittsburg County, OK",,,,,,
"Langlade County, WI",,,,,,
"Lancaster County, VA",,,,,,
"Meigs County, TN",,,,,,
"Harney County, OR",,,,,,
"Deer Lodge County, MT",,,,,,
"Southeast Fairbanks Census Area, AK",,,,,,
"Franklin County, AL",,,,,,
"Piscataquis County, ME",,,,,,
"Wayne County, IL",,,,,,
"Nance County, NE",,,,,,
"Kusilvak Census Area, AK",,,,,,
"Miller County, MO",,,,,,
"Cross County, AR",,,,,,
"Winnebago County, IA",,,,,,
"Wright County, IA",,,,,,
"Worth County, GA",,,,,,
"Richland County, IL",,,,,,
"Garrard County, KY",,,,,,
"Cook County, GA",,,,,,
"Cherry County, NE",,,,,,
"Otero County, CO",,,,,,
"Bertie County, NC",,,,,,
"Ohio County, KY",,,,,,
"Camden County, NC",,,,,,
"Saline County, MO",,,,,,
"Muhlenberg County, KY",,,,,,
"Marion County, KY",,,,,,
"Phillips County, AR",,,,,,
"Stoddard County, MO",,,,,,
"Jackson County, KS",,,,,,
"Cumberland County, KY",,,,,,
"Rabun County, GA",,,,,,
"Iron County, MI",,,,,,
"Union County, IA",,,,,,
"Lassen County, CA",,,,,,
"Linn County, KS",,,,,,
"Tippah County, MS",,,,,,
"Madison County, MT",,,,,,
"Monona County, IA",,,,,,
"Marion County, MS",,,,,,
"Monroe County, IA",,,,,,
"Lincoln County, NM",,,,,,
"Jones County, GA",,,,,,
"Richardson County, NE",,,,,,
"Fountain County, IN",,,,,,
"Howell County, MO",,,,,,
"Laclede County, MO",,,,,,
"Fayette County, IN",,,,,,
"Montgomery County, IA",,,,,,
"McDuffie County, GA",,,,,,
"Mercer County, IL",,,,,,
"Lincoln County, MN",,,,,,
"Pike County, IL",,,,,,
"Big Stone County, MN",,,,,,
"Posey County, IN",,,,,,
"Butler County, NE",,,,,,
"Forest County, WI",,,,,,
"Pocahontas County, WV",,,,,,
"Presidio County, TX",,,,,,
"Morgan County, CO",,,,,,
"Franklin County, KS",,,,,,
"Jefferson County, NE",,,,,,
"Clear Creek County, CO",,,,,,
"Wasco County, OR",,,,,,
"Osceola County, IA",,,,,,
"Pierce County, NE",,,,,,
"Thurston County, NE",,,,,,
"Nye County, NV",,,,,,
"Charles City County, VA",,,,,,
"Vermillion County, IN",,,,,,
"Spencer County, IN",,,,,,
"Montgomery County, KS",,,,,,
"Dickens County, TX",,,,,,
"Juneau County, WI",,,,,,
"Franklin County, MS",,,,,,
"Vilas County, WI",,,,,,
"Van Buren County, TN",,,,,,
"Clearwater County, MN",,,,,,
"Marshall County, MN",,,,,,
"Rock County, MN",,,,,,
"Stevens County, MN",,,,,,
"Coahoma County, MS",,,,,,
"McCook County, SD",,,,,,
"Charles Mix County, SD",,,,,,
"Jefferson Davis County, MS",,,,,,
"Waushara County, WI",,,,,,
"Smith County, MS",,,,,,
"Tallahatchie County, MS",,,,,,
"Yazoo County, MS",,,,,,
"Barry County, MO",,,,,,
"Clinton County, MO",,,,,,
"Miller County, AR",,,,,,
"Bosque County, TX",,,,,,
"Musselshell County, MT",,,,,,
"Washington County, MO",,,,,,
"Pepin County, WI",,,,,,
"Randolph County, AR",,,,,,
"Gonzales County, TX",,,,,,
"Butler County, KY",,,,,,
"Hart County, KY",,,,,,
"Knott County, KY",,,,,,
"Wayne County, MO",,,,,,
"Ste. Genevieve County, MO",,,,,,
"Mississippi County, MO",,,,,,
"Cherokee County, TX",,,,,,
"Camp County, TX",,,,,,
"Trimble County, KY",,,,,,
"New Madrid County, MO",,,,,,
"Woodford County, KY",,,,,,
"Brewster County, TX",,,,,,
"Catahoula Parish, LA",,,,,,
"Ripley County, IN",,,,,,
"Harrison County, OH",,,,,,
"Callaway County, MO",,,,,,
"Blackford County, IN",,,,,,
"Sumter County, GA",,,,,,
"Shelby County, AL",,,,,,
"Pike County, AL",,,,,,
"Union County, GA",,,,,,
"Roosevelt County, NM",,,,,,
"San Miguel County, NM",,,,,,
"Kauai County, HI",,,,,,
"Mitchell County, GA",,,,,,
"Scott County, IL",,,,,,
"Cass County, IL",,,,,,
"Clark County, IL",,,,,,
"Clinton County, IL",,,,,,
"Macon County, AL",,,,,,
"Patrick County, VA",,,,,,
"Oglethorpe County, GA",,,,,,
"Kingfisher County, OK",,,,,,
"Miller County, GA",,,,,,
"Curry County, NM",,,,,,
"Harris County, GA",,,,,,
"Greene County, GA",,,,,,
"Cherokee County, AL",,,,,,
"Perry County, IN",,,,,,
"Long County, GA",,,,,,
"Leon County, TX",,,,,,
"Pottawatomie County, KS",,,,,,
"Berrien County, GA",,,,,,
"Leslie County, KY",,,,,,
"Larue County, KY",,,,,,
"Cotton County, OK",,,,,,
"Jackson County, KY",,,,,,
"Washington County, NC",,,,,,
"Green County, KY",,,,,,
"Falls County, TX",,,,,,
"Henry County, AL",,,,,,
"Barnwell County, SC",,,,,,
"Tishomingo County, MS",,,,,,
"Walthall County, MS",,,,,,
"Ballard County, KY",,,,,,
"Dallam County, TX",,,,,,
"Clay County, IL",,,,,,
"Chester County, TN",,,,,,
"Cumberland County, IL",,,,,,
"Hamilton County, IL",,,,,,
"Madison County, TX",,,,,,
"Richland County, MT",,,,,,
"Karnes County, TX",,,,,,
"Fayette County, OH",,,,,,
"Arroyo Municipio, PR",,,,,,
"Jerome County, ID",,,,,,
"Cherokee County, OK",,,,,,
"Jefferson County, GA",,,,,,
"Pulaski County, GA",,,,,,
"Baraga County, MI",,,,,,
"Somerset County, MD",,,,,,
"Clay County, AL",,,,,,
"Stephens County, GA",,,,,,
"Lincoln County, GA",,,,,,
"Bandera County, TX",,,,,,
"Bolivar County, MS",,,,,,
"Dodge County, GA",,,,,,
"Towns County, GA",,,,,,
"Lincoln County, AR",,,,,,
"Braxton County, WV",,,,,,
"Prentiss County, MS",,,,,,
"Grant County, SD",,,,,,
"Briscoe County, TX",,,,,,
"Sawyer County, WI",,,,,,
"Evans County, GA",,,,,,
"Norton city, VA",,,,,,
"Ceiba Municipio, PR",,,,,,
"Taylor County, KY",,,,,,
"Perry County, MO",,,,,,
"Pike County, MO",,,,,,
"Ralls County, MO",,,,,,
"Nicholas County, KY",,,,,,
"Etowah County, AL",,,,,,
"Monroe County, KY",,,,,,
"Montgomery County, MO",,,,,,
"Carlisle County, KY",,,,,,
"Benton County, IA",,,,,,
"Reeves County, TX",,,,,,
"Millard County, UT",,,,,,
"Allen County, KS",,,,,,
"Tama County, IA",,,,,,
"Atchison County, KS",,,,,,
"Iowa County, IA",,,,,,
"Jennings County, IN",,,,,,
"Greene County, IA",,,,,,
"Titus County, TX",,,,,,
"Finney County, KS",,,,,,
"Sherman County, TX",,,,,,
"Buckingham County, VA",,,,,,
"Robertson County, TX",,,,,,
"Crawford County, WI",,,,,,
"Pleasants County, WV",,,,,,
"Cumberland County, VA",,,,,,
"Gunnison County, CO",,,,,,
"Cuming County, NE",,,,,,
"DeKalb County, TN",,,,,,
"Marion County, AR",,,,,,
"Audrain County, MO",,,,,,
"Essex County, VT",,,,,,
"St. Helena Parish, LA",,,,,,
"Ketchikan Gateway Borough, AK",,,,,,
"Franklin Parish, LA",,,,,,
"Williams County, ND",,,,,,
"Sheridan County, NE",,,,,,
"Franklin County, IN",,,,,,
"Charlotte County, VA",,,,,,
"McHenry County, ND",,,,,,
"Morrow County, OR",,,,,,
"Coffee County, AL",,,,,,
"Bullock County, AL",,,,,,
"Adair County, OK",,,,,,
"Benton County, MO",,,,,,
"Sierra County, NM",,,,,,
"Socorro County, NM",,,,,,
"Colfax County, NM",,,,,,
"Pendleton County, KY",,,,,,
"Juab County, UT",,,,,,
"Benewah County, ID",,,,,,
"Washita County, OK",,,,,,
"Kittson County, MN",,,,,,
"Franklin County, IA",,,,,,
"Holt County, MO",,,,,,
"Emanuel County, GA",,,,,,
"Miami County, IN",,,,,,
"Tripp County, SD",,,,,,
"Leflore County, MS",,,,,,
"Hancock County, GA",,,,,,
"Carbon County, WY",,,,,,
"Lincoln County, NV",,,,,,
"Grenada County, MS",,,,,,
"Paulding County, OH",,,,,,
"Ramsey County, ND",,,,,,
"Haywood County, TN",,,,,,
"Clarke County, MS",,,,,,
"Calhoun County, MS",,,,,,
"Fairfax city, VA",,,,,,
"Pennington County, MN",,,,,,
"Wilkinson County, MS",,,,,,
"Cass County, IA",,,,,,
"Independence County, AR",,,,,,
"Chickasaw County, IA",,,,,,
"Lac qui Parle County, MN",,,,,,
"Labette County, KS",,,,,,
"Wayne County, KY",,,,,,
"Covington city, VA",,,,,,
"San Miguel County, CO",,,,,,
"Ben Hill County, GA",,,,,,
"Saguache County, CO",,,,,,
"Columbia County, AR",,,,,,
"Pulaski County, IN",,,,,,
"Poinsett County, AR",,,,,,
"Taos County, NM",,,,,,
"Monroe County, AL",,,,,,
"Chowan County, NC",,,,,,
"Carroll County, AR",,,,,,
"Sumner County, KS",,,,,,
"Hopkins County, TX",,,,,,
"Woodruff County, AR",,,,,,
"Yell County, AR",,,,,,
"Jones County, TX",,,,,,
"Greer County, OK",,,,,,
"Modoc County, CA",,,,,,
"Rappahannock County, VA",,,,,,
"Martin County, TX",,,,,,
"Green Lake County, WI",,,,,,
"Hancock County, IL",,,,,,
"Conejos County, CO",,,,,,
"Colfax County, NE",,,,,,
"Johnson County, IL",,,,,,
"Trinity County, TX",,,,,,
"Carroll County, MO",,,,,,
"Calhoun County, FL",,,,,,
"Gulf County, FL",,,,,,
"Owyhee County, ID",,,,,,
"Texas County, MO",,,,,,
"Dawson County, TX",,,,,,
"Wabash County, IL",,,,,,
"Washington County, ID",,,,,,
"Lunenburg County, VA",,,,,,
"Uinta County, WY",,,,,,
"Tattnall County, GA",,,,,,
"Noxubee County, MS",,,,,,
"Mariposa County, CA",,,,,,
"Union County, FL",,,,,,
"Monroe County, MS",,,,,,
"Ohio County, IN",,,,,,
"Florence County, WI",,,,,,
"Lake County, TN",,,,,,
"Lawrence County, MS",,,,,,
"Kemper County, MS",,,,,,
"Martinsville city, VA",,,,,,
"Glades County, FL",,,,,,
"Hancock County, TN",,,,,,
"Pulaski County, IL",,,,,,
"Middlesex County, VA",,,,,,
"Lynn County, TX",,,,,,
"Dickenson County, VA",,,,,,
"Wayne County, MS",,,,,,
"Van Buren County, IA",,,,,,
"Bleckley County, GA",,,,,,
"Manassas Park city, VA",,,,,,
"Jasper County, IL",,,,,,
"Newton County, TX",,,,,,
"Emery County, UT",,,,,,
"Johnson County, GA",,,,,,
"Hill County, TX",,,,,,
"Wolfe County, KY",,,,,,
"Crawford County, IN",,,,,,
"Dickinson County, KS",,,,,,
"Fleming County, KY",,,,,,
"Guthrie County, IA",,,,,,
"Freestone County, TX",,,,,,
"Putnam County, GA",,,,,,
"Wayne County, TN",,,,,,
"Winkler County, TX",,,,,,
"Telfair County, GA",,,,,,
"Gaines County, TX",,,,,,
"Alexander County, IL",,,,,,
"Rio Grande County, CO",,,,,,
"Calhoun County, IA",,,,,,
"Pend Oreille County, WA",,,,,,
"Appling County, GA",,,,,,
"Mathews County, VA",,,,,,
"Appanoose County, IA",,,,,,
"Benton County, MS",,,,,,
"Allamakee County, IA",,,,,,
"Woodson County, KS",,,,,,
"Moore County, TN",,,,,,
"Randolph County, WV",,,,,,
"Clay County, MS",,,,,,
"Poweshiek County, IA",,,,,,
"Holmes County, FL",,,,,,
"Skamania County, WA",,,,,,
"Keokuk County, IA",,,,,,
"Pike County, IN",,,,,,
"Grady County, GA",,,,,,
"Dixon County, NE",,,,,,
"Winston County, AL",,,,,,
"Peñuelas Municipio, PR",,,,,,
"Johnston County, OK",,,,,,
"Clay County, SD",,,,,,
"Sanders County, MT",,,,,,
"Oglala Lakota County, SD",,,,,,
"Sweet Grass County, MT",,,,,,
"Sumter County, AL",,,,,,
"Teton County, MT",,,,,,
"Woods County, OK",,,,,,
"Day County, SD",,,,,,
"Hill County, MT",,,,,,
"Arkansas County, AR",,,,,,
"Wayne County, NE",,,,,,
"Hormigueros Municipio, PR",,,,,,
"Goshen County, WY",,,,,,
"Wallowa County, OR",,,,,,
"Knox County, NE",,,,,,
"Guánica Municipio, PR",,,,,,
"Culebra Municipio, PR",,,,,,
"Kearney County, NE",,,,,,
"Polk County, NC",,,,,,
"Sitka City and Borough, AK",,,,,,
"Shelby County, MO",,,,,,
"Weston County, WY",,,,,,
"Gasconade County, MO",,,,,,
"Chambers County, AL",,,,,,
"Pulaski County, MO",,,,,,
"Sheridan County, WY",,,,,,
"LaMoure County, ND",,,,,,
"Conecuh County, AL",,,,,,
"Atoka County, OK",,,,,,
"Logan County, ND",,,,,,
"Graham County, AZ",,,,,,
"Montague County, TX",,,,,,
"Crowley County, CO",,,,,,
"Custer County, NE",,,,,,
"Runnels County, TX",,,,,,
"Real County, TX",,,,,,
"Martin County, KY",,,,,,
"Somervell County, TX",,,,,,
"Reynolds County, MO",,,,,,
"Ellis County, KS",,,,,,
"Robertson County, KY",,,,,,
"Doniphan County, KS",,,,,,
"Concho County, TX",,,,,,
"Jefferson County, MT",,,,,,
"Osage County, KS",,,,,,
"Fulton County, KY",,,,,,
"Cleburne County, AR",,,,,,
"Anderson County, KY",,,,,,
"Conway County, AR",,,,,,
"Hansford County, TX",,,,,,
"Phillips County, MT",,,,,,
"Elliott County, KY",,,,,,
"Yuma County, CO",,,,,,
"Seward County, KS",,,,,,
"Boone County, AR",,,,,,
"Custer County, MT",,,,,,
"Sheridan County, MT",,,,,,
"Eastland County, TX",,,,,,
"Franklin County, AR",,,,,,
"Lee County, TX",,,,,,
"McLean County, KY",,,,,,
"Cleveland County, AR",,,,,,
"Sharp County, AR",,,,,,
"Red Willow County, NE",,,,,,
"Ritchie County, WV",,,,,,
"Bear Lake County, ID",,,,,,
"Jones County, NC",,,,,,
"Shoshone County, ID",,,,,,
"Benson County, ND",,,,,,
"Buena Vista city, VA",,,,,,
"Gem County, ID",,,,,,
"Dallas County, AL",,,,,,
"Clearwater County, ID",,,,,,
"Boise County, ID",,,,,,
"Blaine County, OK",,,,,,
"Washington County, GA",,,,,,
"Nottoway County, VA",,,,,,
"Cleburne County, AL",,,,,,
"Taylor County, GA",,,,,,
"Talbot County, GA",,,,,,
"Schley County, GA",,,,,,
"Clarke County, AL",,,,,,
"McLean County, ND",,,,,,
"Mountrail County, ND",,,,,,
"Heard County, GA",,,,,,
"Towner County, ND",,,,,,
"Jefferson County, OK",,,,,,
"Clay County, NC",,,,,,
"Cameron County, PA",,,,,,
"Grundy County, IA",,,,,,
"Young County, TX",,,,,,
"Keith County, NE",,,,,,
"Hamilton County, FL",,,,,,
"Ringgold County, IA",,,,,,
"Pemiscot County, MO",,,,,,
"Liberty County, FL",,,,,,
"Mitchell County, IA",,,,,,
"Lake County, OR",,,,,,
"Ida County, IA",,,,,,
"Fayette County, IA",,,,,,
"Putnam County, IL",,,,,,
"Decatur County, IA",,,,,,
"Bath County, VA",,,,,,
"Bland County, VA",,,,,,
"Woodward County, OK",,,,,,
"Sullivan County, IN",,,,,,
"Los Alamos County, NM",,,,,,
"White County, IL",,,,,,
"Washington County, IL",,,,,,
"Torrance County, NM",,,,,,
"Russell County, KY",,,,,,
"Caldwell Parish, LA",,,,,,
"Converse County, WY",,,,,,
"Fall River County, SD",,,,,,
"Adair County, MO",,,,,,
"Henry County, MO",,,,,,
"Butte County, SD",,,,,,
"Edmunds County, SD",,,,,,
"Deuel County, SD",,,,,,
"Cooper County, MO",,,,,,
"Livingston County, MO",,,,,,
"Clay County, TN",,,,,,
"Moniteau County, MO",,,,,,
"Montgomery County, MS",,,,,,
"Stone County, MS",,,,,,
"Lawrence County, AR",,,,,,
"Jasper County, MS",,,,,,
"Maries County, MO",,,,,,
"Chariton County, MO",,,,,,
"Lake County, MN",,,,,,
"Perry County, MS",,,,,,
"Morris County, KS",,,,,,
"Haskell County, OK",,,,,,
"Greenlee County, AZ",,,,,,
"Prairie County, MT",,,,,,
"Jefferson County, MS",,,,,,
"Hardin County, IL",,,,,,
"Unallocated, NM",,,,,,
"Parke County, IN",,,,,,
"Dewey County, SD",,,,,,
"Warren County, IN",,,,,,
"Roger Mills County, OK",,,,,,
"Union County, IN",,,,,,
"Rosebud County, MT",,,,,,
"Moody County, SD",,,,,,
"Jack County, TX",,,,,,
"Gogebic County, MI",,,,,,
"Perry County, AL",,,,,,
"Trinity County, CA",,,,,,
"Mono County, CA",,,,,,
"Taylor County, FL",,,,,,
"Linn County, MO",,,,,,
"Menominee County, WI",,,,,,
"Marion County, IL",,,,,,
"Northumberland County, VA",,,,,,
"Jim Hogg County, TX",,,,,,
"Anderson County, TX",,,,,,
"Pickens County, AL",,,,,,
"Washington County, KY",,,,,,
"Denali Borough, AK",,,,,,
"Audubon County, IA",,,,,,
"Houston County, MN",,,,,,
"Kit Carson County, CO",,,,,,
"Lincoln County, CO",,,,,,
"Gray County, KS",,,,,,
"Wrangell City and Borough, AK",,,,,,
"Stephens County, TX",,,,,,
"Franklin County, FL",,,,,,
"Zavala County, TX",,,,,,
"Callahan County, TX",,,,,,
"Yoakum County, TX",,,,,,
"Prowers County, CO",,,,,,
"Harlan County, NE",,,,,,
"Tucker County, WV",,,,,,
"Clay County, KS",,,,,,
"Ward County, TX",,,,,,
"Sherman County, OR",,,,,,
"Choctaw County, MS",,,,,,
"Cedar County, MO",,,,,,
"Clay County, NE",,,,,,
"Marion County, KS",,,,,,
"Houston County, TX",,,,,,
"Motley County, TX",,,,,,
"Butler County, IA",,,,,,
"McPherson County, SD",,,,,,
"Burt County, NE",,,,,,
"Madison County, FL",,,,,,
"Jefferson County, IA",,,,,,
"Kingman County, KS",,,,,,
"Kearny County, KS",,,,,,
"Lyman County, SD",,,,,,
"Hamilton County, IA",,,,,,
"Humboldt County, IA",,,,,,
"Huerfano County, CO",,,,,,
"Harper County, OK",,,,,,
"Morgan County, AL",,,,,,
"Foster County, ND",,,,,,
"Wilcox County, GA",,,,,,
"Duval County, TX",,,,,,
"Daviess County, MO",,,,,,
"Hickman County, KY",,,,,,
"Dunn County, ND",,,,,,
"Crisp County, GA",,,,,,
"Wheeler County, GA",,,,,,
"Wilkinson County, GA",,,,,,
"Drew County, AR",,,,,,
"Dickey County, ND",,,,,,
"Winston County, MS",,,,,,
"Charlton County, GA",,,,,,
"Madison Parish, LA",,,,,,
"Lexington city, VA",,,,,,
"Boundary County, ID",,,,,,
"Grant County, ND",,,,,,
"Wright County, MO",,,,,,
"Polk County, AR",,,,,,
"Lanier County, GA",,,,,,
"Osage County, MO",,,,,,
"Bollinger County, MO",,,,,,
"Monroe County, MO",,,,,,
"Irwin County, GA",,,,,,
"Perry County, AR",,,,,,
"Owen County, KY",,,,,,
"Schuyler County, MO",,,,,,
"Delta County, TX",,,,,,
"Pembina County, ND",,,,,,
"Marion County, GA",,,,,,
"Klickitat County, WA",,,,,,
"Magoffin County, KY",,,,,,
"Elbert County, GA",,,,,,
"Claiborne Parish, LA",,,,,,
"Richland Parish, LA",,,,,,
"Cowley County, KS",,,,,,
"Wilson County, KS",,,,,,
"Custer County, OK",,,,,,
"Cimarron County, OK",,,,,,
"Brooks County, GA",,,,,,
"Gooding County, ID",,,,,,
"Tunica County, MS",,,,,,
"Swain County, NC",,,,,,
"Stevens County, KS",,,,,,
"Hardeman County, TX",,,,,,
"Sevier County, AR",,,,,,
"Knox County, MO",,,,,,
"Northwest Arctic Borough, AK",,,,,,
"Wayne County, IA",,,,,,
"Brown County, IL",,,,,,
"Nome Census Area, AK",,,,,,
"Merrick County, NE",,,,,,
"Massac County, IL",,,,,,
"Pendleton County, WV",,,,,,
"Pickett County, TN",,,,,,
"Jefferson County, FL",,,,,,
"Calhoun County, IL",,,,,,
"Choctaw County, AL",,,,,,
"Macon County, GA",,,,,,
"Carroll County, MS",,,,,,
"Petersburg Borough, AK",,,,,,
"Pawnee County, OK",,,,,,
"Renville County, ND",,,,,,
"Hanson County, SD",,,,,,
"Wells County, ND",,,,,,
"Perquimans County, NC",,,,,,
"Wilbarger County, TX",,,,,,
"Sanborn County, SD",,,,,,
"Brown County, KS",,,,,,
"Dixie County, FL",,,,,,
"Red Lake County, MN",,,,,,
"Vieques Municipio, PR",,,,,,
"Rolette County, ND",,,,,,
"Jenkins County, GA",,,,,,
"Lafayette County, AR",,,,,,
"Lamar County, AL",,,,,,
"Johnson County, NE",,,,,,
"Sheridan County, ND",,,,,,
"Attala County, MS",,,,,,
"Greene County, AL",,,,,,
"Sherman County, NE",,,,,,
"Surry County, VA",,,,,,
"Izard County, AR",,,,,,
"Clay County, GA",,,,,,
"Union County, IL",,,,,,
"Jackson County, TN",,,,,,
"Adair County, IA",,,,,,
"Perkins County, SD",,,,,,
"Wilcox County, AL",,,,,,
"DeKalb County, MO",,,,,,
"Noble County, OK",,,,,,
"Idaho County, ID",,,,,,
"Edwards County, IL",,,,,,
"Switzerland County, IN",,,,,,
"Walworth County, SD",,,,,,
"De Baca County, NM",,,,,,
"Clark County, ID",,,,,,
"Maricao Municipio, PR",,,,,,
"Daviess County, IN",,,,,,
"Martin County, IN",,,,,,
"Schuyler County, IL",,,,,,
"Humphreys County, MS",,,,,,
"Lucas County, IA",,,,,,
"Webster County, WV",,,,,,
"Stanton County, NE",,,,,,
"Pushmataha County, OK",,,,,,
"Echols County, GA",,,,,,
"Dallas County, MO",,,,,,
"Big Horn County, WY",,,,,,
"Kiowa County, OK",,,,,,
"Ferry County, WA",,,,,,
"Valley County, NE",,,,,,
"Oneida County, ID",,,,,,
"Griggs County, ND",,,,,,
"Power County, ID",,,,,,
"George County, MS",,,,,,
"Little River County, AR",,,,,,
"Unallocated, NY",,,,,,
"Decatur County, TN",,,,,,
"Webster County, NE",,,,,,
"Baker County, GA",,,,,,
"Carter County, MO",,,,,,
"Kent County, TX",,,,,,
"Unallocated, CO",,,,,,
"Keweenaw County, MI",,,,,,
"Trego County, KS",,,,,,
"Valley County, MT",,,,,,
"Madison County, AR",,,,,,
"Bent County, CO",,,,,,
"Carbon County, MT",,,,,,
"San Augustine County, TX",,,,,,
"West Carroll Parish, LA",,,,,,
"Nemaha County, KS",,,,,,
"Washakie County, WY",,,,,,
"Nevada County, AR",,,,,,
"Iron County, WI",,,,,,
"Washington County, KS",,,,,,
"Red River County, TX",,,,,,
"Cook County, MN",,,,,,
"Desha County, AR",,,,,,
"Meagher County, MT",,,,,,
"Marion County, TX",,,,,,
"Ontonagon County, MI",,,,,,
"Gallatin County, KY",,,,,,
"La Paz County, AZ",,,,,,
"Grant County, AR",,,,,,
"Pike County, AR",,,,,,
"Calhoun County, SC",,,,,,
"Chase County, NE",,,,,,
"Nolan County, TX",,,,,,
"Red River Parish, LA",,,,,,
"Douglas County, SD",,,,,,
"Costilla County, CO",,,,,,
"Hartley County, TX",,,,,,
"Beaverhead County, MT",,,,,,
"Marshall County, KS",,,,,,
"Aurora County, SD",,,,,,
"Hempstead County, AR",,,,,,
"St. Clair County, MO",,,,,,
"Comanche County, TX",,,,,,
"Furnas County, NE",,,,,,
"Plumas County, CA",,,,,,
"Stillwater County, MT",,,,,,
"Toole County, MT",,,,,,
"Rice County, KS",,,,,,
"Shannon County, MO",,,,,,
"Bon Homme County, SD",,,,,,
"Ouray County, CO",,,,,,
"La Salle County, TX",,,,,,
"Lewis County, MO",,,,,,
"Crane County, TX",,,,,,
"Searcy County, AR",,,,,,
"Hudspeth County, TX",,,,,,
"Ozark County, MO",,,,,,
"Pawnee County, KS",,,,,,
"Buffalo County, WI",,,,,,
"Henderson County, IL",,,,,,
"Graham County, NC",,,,,,
"Dale County, AL",,,,,,
"Gentry County, MO",,,,,,
"Custer County, ID",,,,,,
"Irion County, TX",,,,,,
"Candler County, GA",,,,,,
"Baylor County, TX",,,,,,
"Prairie County, AR",,,,,,
"Haskell County, TX",,,,,,
"Sully County, SD",,,,,,
"Stone County, AR",,,,,,
"Spink County, SD",,,,,,
"Mercer County, MO",,,,,,
"Minidoka County, ID",,,,,,
"Sharkey County, MS",,,,,,
"Pondera County, MT",,,,,,
"Adams County, ND",,,,,,
"Hamilton County, TX",,,,,,
"Valley County, ID",,,,,,
"Archer County, TX",,,,,,
"Wabaunsee County, KS",,,,,,
"Mineral County, MT",,,,,,
"Choctaw County, OK",,,,,,
"Cavalier County, ND",,,,,,
"Douglas County, MO",,,,,,
"Scotland County, MO",,,,,,
"Lyon County, KY",,,,,,
"Platte County, WY",,,,,,
"Sullivan County, MO",,,,,,
"Barton County, MO",,,,,,
"McIntosh County, ND",,,,,,
"Culberson County, TX",,,,,,
"Crockett County, TX",,,,,,
"Mercer County, ND",,,,,,
"Bennett County, SD",,,,,,
"Nelson County, ND",,,,,,
"Rusk County, WI",,,,,,
"Webster County, MS",,,,,,
"Coke County, TX",,,,,,
"Owsley County, KY",,,,,,
"Noble County, OH",,,,,,
"Sioux County, ND",,,,,,
"Fulton County, AR",,,,,,
"Ouachita County, AR",,,,,,
"Morgan County, MO",,,,,,
"Oregon County, MO",,,,,,
"Glascock County, GA",,,,,,
"Caldwell County, MO",,,,,,
"Randolph County, GA",,,,,,
"Early County, GA",,,,,,
"Atchison County, MO",,,,,,
"DeWitt County, TX",,,,,,
"Ziebach County, SD",,,,,,
"Glacier County, MT",,,,,,
"Dallas County, AR",,,,,,
"Franklin County, TX",,,,,,
"Beaver County, OK",,,,,,
"Grundy County, MO",,,,,,
"Fisher County, TX",,,,,,
"Wilkes County, GA",,,,,,
"Dawson County, MT",,,,,,
"Crawford County, GA",,,,,,
"Lee County, AR",,,,,,
"Twiggs County, GA",,,,,,
"Turner County, GA",,,,,,
"Treutlen County, GA",,,,,,
"Eddy County, ND",,,,,,
"Edwards County, TX",,,,,,
"Golden Valley County, ND",,,,,,
"Taliaferro County, GA",,,,,,
"Newton County, AR",,,,,,
"Dooly County, GA",,,,,,
"Gilmer County, WV",,,,,,
"Jeff Davis County, TX",,,,,,
"Hitchcock County, NE",,,,,,
"Scott County, KS",,,,,,
"Unallocated, VT",,,,,,
"Taylor County, IA",,,,,,
"Pawnee County, NE",,,,,,
"Jackson County, SD",,,,,,
"Perkins County, NE",,,,,,
"Lafayette County, FL",,,,,,
"Kiowa County, CO",,,,,,
"Forest County, PA",,,,,,
"Dundy County, NE",,,,,,
"Wayne County, UT",,,,,,
"Claiborne County, MS",,,,,,
"Refugio County, TX",,,,,,
"Perry County, TN",,,,,,
"Crook County, WY",,,,,,
"Reagan County, TX",,,,,,
"Jackson County, CO",,,,,,
"Thayer County, NE",,,,,,
"Howard County, MO",,,,,,
"Howard County, IA",,,,,,
"Hinsdale County, CO",,,,,,
"Hoonah-Angoon Census Area, AK",,,,,,
"Russell County, KS",,,,,,
"Custer County, CO",,,,,,
"Nuckolls County, NE",,,,,,
"Greenwood County, KS",,,,,,
"Clarke County, IA",,,,,,
"Ellsworth County, KS",,,,,,
"Washington County, CO",,,,,,
"Cloud County, KS",,,,,,
"Wirt County, WV",,,,,,
"Hand County, SD",,,,,,
"Cheyenne County, KS",,,,,,
"Haakon County, SD",,,,,,
"San Juan County, CO",,,,,,
"Hooker County, NE",,,,,,
"Howard County, AR",,,,,,
"Grant County, NE",,,,,,
"Johnson County, WY",,,,,,
"Morrill County, NE",,,,,,
"Garfield County, NE",,,,,,
"Anderson County, KS",,,,,,
"Sutton County, TX",,,,,,
"Logan County, AR",,,,,,
"Graham County, KS",,,,,,
"Grant County, KS",,,,,,
"North Slope Borough, AK",,,,,,
"Shackelford County, TX",,,,,,
"Fillmore County, NE",,,,,,
"Lake and Peninsula Borough, AK",,,,,,
"Lane County, KS",,,,,,
"Dawes County, NE",,,,,,
"Cheyenne County, CO",,,,,,
"Menard County, TX",,,,,,
"Miner County, SD",,,,,,
"Washington County, AL",,,,,,
"Wibaux County, MT",,,,,,
"Catron County, NM",,,,,,
"Texas County, OK",,,,,,
"Brown County, NE",,,,,,
"Wheatland County, MT",,,,,,
"Norton County, KS",,,,,,
"Mora County, NM",,,,,,
"Osborne County, KS",,,,,,
"Highland County, VA",,,,,,
"Nowata County, OK",,,,,,
"Sierra County, CA",,,,,,
"Knox County, TX",,,,,,
"Major County, OK",,,,,,
"Union County, NM",,,,,,
"Republic County, KS",,,,,,
"Marion County, AL",,,,,,
"Pope County, IL",,,,,,
"Mellette County, SD",,,,,,
"Zapata County, TX",,,,,,
"Box Butte County, NE",,,,,,
"Mitchell County, TX",,,,,,
"Meade County, KS",,,,,,
"Gilliam County, OR",,,,,,
"Dillingham Census Area, AK",,,,,,
"Wheeler County, NE",,,,,,
"Mills County, TX",,,,,,
"Unallocated, AZ",,,,,,
"Unallocated, WY",,,,,,
"Haines Borough, AK",,,,,,
"Skagway Municipality, AK",,,,,,
"Unallocated, WI",,,,,,
"Prince of Wales-Hyder Census Area, AK",,,,,,
"Calhoun County, AR",,,,,,
"Jackson County, AR",,,,,,
"Sedgwick County, CO",,,,,,
"Bradley County, AR",,,,,,
"Dolores County, CO",,,,,,
"Marengo County, AL",,,,,,
"Alpine County, CA",,,,,,
"Yukon-Koyukuk Census Area, AK",,,,,,
"Bristol Bay Borough, AK",,,,,,
"Lowndes County, AL",,,,,,
"Phillips County, CO",,,,,,
"Calhoun County, GA",,,,,,
"Yakutat City and Borough, AK",,,,,,
"Hot Springs County, WY",,,,,,
"Montgomery County, AR",,,,,,
"Baca County, CO",,,,,,
"Scott County, AR",,,,,,
"Mineral County, CO",,,,,,
"Aleutians West Census Area, AK",,,,,,
"Niobrara County, WY",,,,,,
"Aleutians East Borough, AK",,,,,,
"Clay County, AR",,,,,,
"Monroe County, AR",,,,,,
"Chicot County, AR",,,,,,
"Crenshaw County, AL",,,,,,
"King County, TX",,,,,,
"Unallocated, WV",,,,,,
"Liberty County, MT",,,,,,
"Unallocated, MT",,,,,,
"Blaine County, MT",,,,,,
"Carter County, MT",,,,,,
"Chouteau County, MT",,,,,,
"Daniels County, MT",,,,,,
"Fallon County, MT",,,,,,
"Garfield County, MT",,,,,,
"Golden Valley County, MT",,,,,,
"Granite County, MT",,,,,,
"Unallocated, SC",,,,,,
"Judith Basin County, MT",,,,,,
"McCone County, MT",,,,,,
"Putnam County, MO",,,,,,
"Petroleum County, MT",,,,,,
"Powder River County, MT",,,,,,
"Powell County, MT",,,,,,
"Treasure County, MT",,,,,,
"Unallocated, NE",,,,,,
"Arthur County, NE",,,,,,
"Banner County, NE",,,,,,
"Blaine County, NE",,,,,,
"Boyd County, NE",,,,,,
"Cheyenne County, NE",,,,,,
"Deuel County, NE",,,,,,
"Worth County, MO",,,,,,
"Unallocated, SD",,,,,,
"Frontier County, NE",,,,,,
"Harrison County, MO",,,,,,
"Unallocated, MD",,,,,,
"Unallocated, TX",,,,,,
"Unallocated, MS",,,,,,
"Greene County, MS",,,,,,
"Issaquena County, MS",,,,,,
"Quitman County, MS",,,,,,
"Unallocated, MO",,,,,,
"Clark County, MO",,,,,,
"Todd County, SD",,,,,,
"Stanley County, SD",,,,,,
"Potter County, SD",,,,,,
"Hickory County, MO",,,,,,
"Brule County, SD",,,,,,
"Marshall County, SD",,,,,,
"Iron County, MO",,,,,,
"Jones County, SD",,,,,,
"Jerauld County, SD",,,,,,
"Hyde County, SD",,,,,,
"Harding County, SD",,,,,,
"Gregory County, SD",,,,,,
"Faulk County, SD",,,,,,
"Corson County, SD",,,,,,
"Campbell County, SD",,,,,,
"Buffalo County, SD",,,,,,
"Franklin County, NE",,,,,,
"Garden County, NE",,,,,,
"East Carroll Parish, LA",,,,,,
"Bottineau County, ND",,,,,,
"Beaufort County, NC",,,,,,
"Latimer County, OK",,,,,,
"Gates County, NC",,,,,,
"Hyde County, NC",,,,,,
"Grant County, OK",,,,,,
"Ellis County, OK",,,,,,
"Dewey County, OK",,,,,,
"Tyrrell County, NC",,,,,,
"Unallocated, ND",,,,,,
"Coal County, OK",,,,,,
"Billings County, ND",,,,,,
"Bowman County, ND",,,,,,
"Okfuskee County, OK",,,,,,
"Burke County, ND",,,,,,
"Alfalfa County, OK",,,,,,
"Divide County, ND",,,,,,
"Emmons County, ND",,,,,,
"Hettinger County, ND",,,,,,
"Kidder County, ND",,,,,,
"Oliver County, ND",,,,,,
"Pierce County, ND",,,,,,
"Slope County, ND",,,,,,
"Steele County, ND",,,,,,
"Unallocated, OH",,,,,,
"Hamilton County, NY",,,,,,
"Quay County, NM",,,,,,
"Gosper County, NE",,,,,,
"Sioux County, NE",,,,,,
"Greeley County, NE",,,,,,
"Hayes County, NE",,,,,,
"Howard County, NE",,,,,,
"Keya Paha County, NE",,,,,,
"Kimball County, NE",,,,,,
"Logan County, NE",,,,,,
"Loup County, NE",,,,,,
"McPherson County, NE",,,,,,
"Unallocated, PA",,,,,,
"Wheeler County, OR",,,,,,
"Rock County, NE",,,,,,
"Thomas County, NE",,,,,,
"Hidalgo County, NM",,,,,,
"Unallocated, NV",,,,,,
"Esmeralda County, NV",,,,,,
"Eureka County, NV",,,,,,
"Lander County, NV",,,,,,
"Mineral County, NV",,,,,,
"Pershing County, NV",,,,,,
"Storey County, NV",,,,,,
"Unallocated, OR",,,,,,
"White Pine County, NV",,,,,,
"Guadalupe County, NM",,,,,,
"Harding County, NM",,,,,,
"Jasper County, GA",,,,,,
"Tensas Parish, LA",,,,,,
"Concordia Parish, LA",,,,,,
"Comanche County, KS",,,,,,
"Garfield County, UT",,,,,,
"Duchesne County, UT",,,,,,
"Daggett County, UT",,,,,,
"Unallocated, KS",,,,,,
"Beaver County, UT",,,,,,
"Barber County, KS",,,,,,
"Barton County, KS",,,,,,
"Chase County, KS",,,,,,
"Chautauqua County, KS",,,,,,
"Clark County, KS",,,,,,
"Coffey County, KS",,,,,,
"Decatur County, KS",,,,,,
"Kane County, UT",,,,,,
"Val Verde County, TX",,,,,,
"Upton County, TX",,,,,,
"Edwards County, KS",,,,,,
"Elk County, KS",,,,,,
"Throckmorton County, TX",,,,,,
"Terry County, TX",,,,,,
"Terrell County, TX",,,,,,
"Stonewall County, TX",,,,,,
"Sterling County, TX",,,,,,
"Gove County, KS",,,,,,
"Borden County, TX",,,,,,
"Iron County, UT",,,,,,
"Piute County, UT",,,,,,
"Greeley County, KS",,,,,,
"Butte County, ID",,,,,,
"Wahkiakum County, WA",,,,,,
"Montgomery County, GA",,,,,,
"Quitman County, GA",,,,,,
"Garfield County, WA",,,,,,
"Stewart County, GA",,,,,,
"Columbia County, WA",,,,,,
"Terrell County, GA",,,,,,
"Warren County, GA",,,,,,
"Webster County, GA",,,,,,
"Kalawao County, HI",,,,,,
"Adams County, ID",,,,,,
"Camas County, ID",,,,,,
"Rich County, UT",,,,,,
"Lemhi County, ID",,,,,,
"Lewis County, ID",,,,,,
"Lincoln County, ID",,,,,,
"Unallocated, IL",,,,,,
"Gallatin County, IL",,,,,,
"Unallocated, IN",,,,,,
"Adams County, IA",,,,,,
"Unallocated, VA",,,,,,
"Washington County, UT",,,,,,
"Uintah County, UT",,,,,,
"Pocahontas County, IA",,,,,,
"San Saba County, TX",,,,,,
"Schleicher County, TX",,,,,,
"Sabine County, TX",,,,,,
"Pratt County, KS",,,,,,
"Hamilton County, KS",,,,,,
"Kimble County, TX",,,,,,
"Kenedy County, TX",,,,,,
"Rooks County, KS",,,,,,
"Rush County, KS",,,,,,
"Sheridan County, KS",,,,,,
"Sherman County, KS",,,,,,
"Hunt County, TX",,,,,,
"Smith County, KS",,,,,,
"Stafford County, KS",,,,,,
"Stanton County, KS",,,,,,
"Hemphill County, TX",,,,,,
"Thomas County, KS",,,,,,
"Wallace County, KS",,,,,,
"Wichita County, KS",,,,,,
"Unallocated, KY",,,,,,
"Goliad County, TX",,,,,,
"Glasscock County, TX",,,,,,
"Foard County, TX",,,,,,
"Cottle County, TX",,,,,,
"Coleman County, TX",,,,,,
"Clay County, TX",,,,,,
"Brown County, TX",,,,,,
"Rawlins County, KS",,,,,,
"Kinney County, TX",,,,,,
"Navarro County, TX",,,,,,
"Morris County, TX",,,,,,
"Harper County, KS",,,,,,
"Roberts County, TX",,,,,,
"Haskell County, KS",,,,,,
"Rains County, TX",,,,,,
"Hodgeman County, KS",,,,,,
"Jewell County, KS",,,,,,
"Panola County, TX",,,,,,
"Kiowa County, KS",,,,,,
"Lincoln County, KS",,,,,,
"Phillips County, KS",,,,,,
"Logan County, KS",,,,,,
"Unallocated, AL",,,,,,
"Mitchell County, KS",,,,,,
"McMullen County, TX",,,,,,
"Ottawa County, KS",,,,,,
"Live Oak County, TX",,,,,,
"Loving County, TX",,,,,,
"Ness County, KS",,,,,,
"Morton County, KS",,,,,,
"McCulloch County, TX",,,,,,
"Mason County, TX",,,,,,
"Unallocated, ME",,,,,,
"Unallocated, DE",,,,,,
"Unallocated, LA",,,,,,
"Unallocated, ID",,,,,,
"Unallocated, IA",,,,,,
"Unallocated, MN",,,,,,
"Unallocated, RI",,,,,,
"Unallocated, NJ",,,,,,
"Unallocated, GA",,,,,,
"Unallocated, DC",,,,,,
